separation,grade,patient_id,recurrence_year,indifference_ratio
0.0,controlled,MB-0113,1,0.9680610507294837
0.0,controlled,MB-0113,2,0.9648846536705629
0.0,controlled,MB-0113,3,0.9609727434502524
0.0,controlled,MB-0113,4,0.9560937836727331
0.0,controlled,MB-0120,1,0.9703400048646897
0.0,controlled,MB-0120,2,0.968109728502995
0.0,controlled,MB-0120,3,0.9653651798664165
0.0,controlled,MB-0120,4,0.961928114209239
0.0,controlled,MB-0294,1,0.9640746621458162
0.0,controlled,MB-0294,2,0.9600478461491114
0.0,controlled,MB-0294,3,0.9551023089906383
0.0,controlled,MB-0294,4,0.9488937850015428
0.0,controlled,MB-0378,1,0.9702360198066106
0.0,controlled,MB-0378,2,0.9678321134827272
0.0,controlled,MB-0378,3,0.9648744595934637
0.0,controlled,MB-0378,4,0.9611722663119587
0.0,controlled,MB-0469,1,0.9703348473222814
0.0,controlled,MB-0469,2,0.9680660862475537
0.0,controlled,MB-0469,3,0.9652746068711909
0.0,controlled,MB-0469,4,0.9617792769910871
0.0,controlled,MB-0502,1,0.97018288691186
0.0,controlled,MB-0502,2,0.9677377858419776
0.0,controlled,MB-0502,3,0.9647291149117946
0.0,controlled,MB-0502,4,0.960963255291081
0.0,controlled,MB-2513,1,0.9684278508574476
0.0,controlled,MB-2513,2,0.9653456398748602
0.0,controlled,MB-2513,3,0.9615503316370992
0.0,controlled,MB-2513,4,0.9568150866436375
0.0,controlled,MB-2753,1,0.966322786505151
0.0,controlled,MB-2753,2,0.9627489457541153
0.0,controlled,MB-2753,3,0.9583527577395202
0.0,controlled,MB-2753,4,0.9528547575730231
0.0,controlled,MB-2786,1,0.9703378648323411
0.0,controlled,MB-2786,2,0.9680825101496117
0.0,controlled,MB-2786,3,0.9653074010601035
0.0,controlled,MB-2786,4,0.961832403256013
0.0,controlled,MB-2994,1,0.9682806971651499
0.0,controlled,MB-2994,2,0.9651600641756811
0.0,controlled,MB-2994,3,0.9613172032923573
0.0,controlled,MB-2994,4,0.9565233791819072
0.0,controlled,MB-3028,1,0.9692833242388947
0.0,controlled,MB-3028,2,0.9664492581340739
0.0,controlled,MB-3028,3,0.9629605325891293
0.0,controlled,MB-3028,4,0.9586018739778633
0.0,controlled,MB-3104,1,0.9623299009906886
0.0,controlled,MB-3104,2,0.957984501332922
0.0,controlled,MB-3104,3,0.9526300901225271
0.0,controlled,MB-3104,4,0.9459140525683823
0.0,controlled,MB-3383,1,0.9691727196469062
0.0,controlled,MB-3383,2,0.9663033429503695
0.0,controlled,MB-3383,3,0.9627710542525731
0.0,controlled,MB-3383,4,0.9583590055457512
0.0,controlled,MB-3470,1,0.9703375576083482
0.0,controlled,MB-3470,2,0.9680805232326294
0.0,controlled,MB-3470,3,0.9653033643493316
0.0,controlled,MB-3470,4,0.9618258211693729
0.0,controlled,MB-3614,1,0.9702635629657076
0.0,controlled,MB-3614,2,0.9678849656245266
0.0,controlled,MB-3614,3,0.9649585776859223
0.0,controlled,MB-3614,4,0.9612953679318891
0.0,controlled,MB-3711,1,0.9634172013026492
0.0,controlled,MB-3711,2,0.9592685879737799
0.0,controlled,MB-3711,3,0.9541669053797301
0.0,controlled,MB-3711,4,0.9477646393417263
0.0,controlled,MB-4127,1,0.9702677539453352
0.0,controlled,MB-4127,2,0.9681729016260614
0.0,controlled,MB-4127,3,0.9655918119308903
0.0,controlled,MB-4127,4,0.9623570526061284
0.0,controlled,MB-4276,1,0.9696351899648327
0.0,controlled,MB-4276,2,0.9669242352483564
0.0,controlled,MB-4276,3,0.963587199556945
0.0,controlled,MB-4276,4,0.9594141199717147
0.0,controlled,MB-4350,1,0.9677385956823537
0.0,controlled,MB-4350,2,0.9644832475361195
0.0,controlled,MB-4350,3,0.9604735141907118
0.0,controlled,MB-4350,4,0.9554737946013525
0.0,controlled,MB-4686,1,0.9699001547490358
0.0,controlled,MB-4686,2,0.9672994137714463
0.0,controlled,MB-4686,3,0.9640978851456844
0.0,controlled,MB-4686,4,0.9600907838061556
0.0,controlled,MB-4750,1,0.9698462783492067
0.0,controlled,MB-4750,2,0.9672212816857748
0.0,controlled,MB-4750,3,0.9639899568601482
0.0,controlled,MB-4750,4,0.9599458943701203
0.0,controlled,MB-4763,1,0.9687013289814744
0.0,controlled,MB-4763,2,0.9656932197332204
0.0,controlled,MB-4763,3,0.9619895655004852
0.0,controlled,MB-4763,4,0.9573671037493957
0.0,controlled,MB-4769,1,0.9698679931926877
0.0,controlled,MB-4769,2,0.9672526321158963
0.0,controlled,MB-4769,3,0.9640331456866076
0.0,controlled,MB-4769,4,0.9600035403496858
0.0,controlled,MB-4931,1,0.9692929280868755
0.0,controlled,MB-4931,2,0.9664619910971267
0.0,controlled,MB-4931,3,0.9629771248522109
0.0,controlled,MB-4931,4,0.9586231941197763
0.0,controlled,MB-4952,1,0.9700723114085356
0.0,controlled,MB-4952,2,0.9675583343998213
0.0,controlled,MB-4952,3,0.9644640495757003
0.0,controlled,MB-4952,4,0.9605912017773172
0.0,controlled,MB-5008,1,0.9703075024090895
0.0,controlled,MB-5008,2,0.9681684223388084
0.0,controlled,MB-5008,3,0.9655342616136661
0.0,controlled,MB-5008,4,0.9622339316302568
0.0,controlled,MB-5020,1,0.9700494442139073
0.0,controlled,MB-5020,2,0.9675229521061425
0.0,controlled,MB-5020,3,0.9644130723152301
0.0,controlled,MB-5020,4,0.9605207174939916
0.0,controlled,MB-5058,1,0.970326077501327
0.0,controlled,MB-5058,2,0.9680329088943687
0.0,controlled,MB-5058,3,0.9652115689235097
0.0,controlled,MB-5058,4,0.9616791291793897
0.0,controlled,MB-5062,1,0.9703397839432016
0.0,controlled,MB-5062,2,0.9681163302995996
0.0,controlled,MB-5062,3,0.9653800813777452
0.0,controlled,MB-5062,4,0.9619533118907829
0.0,controlled,MB-5124,1,0.9701995085047105
0.0,controlled,MB-5124,2,0.9677664862573726
0.0,controlled,MB-5124,3,0.964772789728805
0.0,controlled,MB-5124,4,0.9610256243616295
0.0,controlled,MB-5135,1,0.9662379173535907
0.0,controlled,MB-5135,2,0.9626460440090362
0.0,controlled,MB-5135,3,0.9582280637775992
0.0,controlled,MB-5135,4,0.9527016390138638
0.0,controlled,MB-5144,1,0.9668028114485451
0.0,controlled,MB-5144,2,0.9633328868894874
0.0,controlled,MB-5144,3,0.9590621408920255
0.0,controlled,MB-5144,4,0.9537278402067136
0.0,controlled,MB-5171,1,0.9624525514071148
0.0,controlled,MB-5171,2,0.9581291196448815
0.0,controlled,MB-5171,3,0.9528028959113463
0.0,controlled,MB-5171,4,0.9461218921567955
0.0,controlled,MB-5258,1,0.9700844564395636
0.0,controlled,MB-5258,2,0.9675773185697276
0.0,controlled,MB-5258,3,0.9644915511845604
0.0,controlled,MB-5258,4,0.9606293551083798
0.0,controlled,MB-5312,1,0.9702421955120921
0.0,controlled,MB-5312,2,0.9681690789709348
0.0,controlled,MB-5312,3,0.9656139493616691
0.0,controlled,MB-5312,4,0.9624112220238704
0.0,controlled,MB-5331,1,0.9686375142624133
0.0,controlled,MB-5331,2,0.9656117663740599
0.0,controlled,MB-5331,3,0.9618863026351289
0.0,controlled,MB-5331,4,0.9572370185937285
0.0,controlled,MB-5332,1,0.9699417044914035
0.0,controlled,MB-5332,2,0.9673605392461184
0.0,controlled,MB-5332,3,0.9641830464956288
0.0,controlled,MB-5332,4,0.9602060557764763
0.0,controlled,MB-5485,1,0.9703184872359045
0.0,controlled,MB-5485,2,0.9681624540576963
0.0,controlled,MB-5485,3,0.9655078665114264
0.0,controlled,MB-5485,4,0.9621822687063766
0.0,controlled,MB-5558,1,0.9692593621675919
0.0,controlled,MB-5558,2,0.966417534540957
0.0,controlled,MB-5558,3,0.9629192355029232
0.0,controlled,MB-5558,4,0.9585488473659649
0.0,controlled,MB-6100,1,0.9699898424166906
0.0,controlled,MB-6100,2,0.967432485303507
0.0,controlled,MB-6100,3,0.9642842110119738
0.0,controlled,MB-6100,4,0.9603438071796537
0.0,indeterminate,MB-0113,1,0.9680610507294837
0.0,indeterminate,MB-0113,2,0.9648846536705629
0.0,indeterminate,MB-0113,3,0.9609727434502524
0.0,indeterminate,MB-0113,4,0.9560937836727331
0.0,indeterminate,MB-0120,1,0.9703400048646897
0.0,indeterminate,MB-0120,2,0.968109728502995
0.0,indeterminate,MB-0120,3,0.9653651798664165
0.0,indeterminate,MB-0120,4,0.961928114209239
0.0,indeterminate,MB-0294,1,0.9640746621458162
0.0,indeterminate,MB-0294,2,0.9600478461491114
0.0,indeterminate,MB-0294,3,0.9551023089906383
0.0,indeterminate,MB-0294,4,0.9488937850015428
0.0,indeterminate,MB-0378,1,0.9702360198066106
0.0,indeterminate,MB-0378,2,0.9678321134827272
0.0,indeterminate,MB-0378,3,0.9648744595934637
0.0,indeterminate,MB-0378,4,0.9611722663119587
0.0,indeterminate,MB-0469,1,0.9703348473222814
0.0,indeterminate,MB-0469,2,0.9680660862475537
0.0,indeterminate,MB-0469,3,0.9652746068711909
0.0,indeterminate,MB-0469,4,0.9617792769910871
0.0,indeterminate,MB-0502,1,0.97018288691186
0.0,indeterminate,MB-0502,2,0.9677377858419776
0.0,indeterminate,MB-0502,3,0.9647291149117946
0.0,indeterminate,MB-0502,4,0.960963255291081
0.0,indeterminate,MB-2513,1,0.9684278508574476
0.0,indeterminate,MB-2513,2,0.9653456398748602
0.0,indeterminate,MB-2513,3,0.9615503316370992
0.0,indeterminate,MB-2513,4,0.9568150866436375
0.0,indeterminate,MB-2753,1,0.966322786505151
0.0,indeterminate,MB-2753,2,0.9627489457541153
0.0,indeterminate,MB-2753,3,0.9583527577395202
0.0,indeterminate,MB-2753,4,0.9528547575730231
0.0,indeterminate,MB-2786,1,0.9703378648323411
0.0,indeterminate,MB-2786,2,0.9680825101496117
0.0,indeterminate,MB-2786,3,0.9653074010601035
0.0,indeterminate,MB-2786,4,0.961832403256013
0.0,indeterminate,MB-2994,1,0.9682806971651499
0.0,indeterminate,MB-2994,2,0.9651600641756811
0.0,indeterminate,MB-2994,3,0.9613172032923573
0.0,indeterminate,MB-2994,4,0.9565233791819072
0.0,indeterminate,MB-3028,1,0.9692833242388947
0.0,indeterminate,MB-3028,2,0.9664492581340739
0.0,indeterminate,MB-3028,3,0.9629605325891293
0.0,indeterminate,MB-3028,4,0.9586018739778633
0.0,indeterminate,MB-3104,1,0.9623299009906886
0.0,indeterminate,MB-3104,2,0.957984501332922
0.0,indeterminate,MB-3104,3,0.9526300901225271
0.0,indeterminate,MB-3104,4,0.9459140525683823
0.0,indeterminate,MB-3383,1,0.9691727196469062
0.0,indeterminate,MB-3383,2,0.9663033429503695
0.0,indeterminate,MB-3383,3,0.9627710542525731
0.0,indeterminate,MB-3383,4,0.9583590055457512
0.0,indeterminate,MB-3470,1,0.9703375576083482
0.0,indeterminate,MB-3470,2,0.9680805232326294
0.0,indeterminate,MB-3470,3,0.9653033643493316
0.0,indeterminate,MB-3470,4,0.9618258211693729
0.0,indeterminate,MB-3614,1,0.9702635629657076
0.0,indeterminate,MB-3614,2,0.9678849656245266
0.0,indeterminate,MB-3614,3,0.9649585776859223
0.0,indeterminate,MB-3614,4,0.9612953679318891
0.0,indeterminate,MB-3711,1,0.9634172013026492
0.0,indeterminate,MB-3711,2,0.9592685879737799
0.0,indeterminate,MB-3711,3,0.9541669053797301
0.0,indeterminate,MB-3711,4,0.9477646393417263
0.0,indeterminate,MB-4127,1,0.9702677539453352
0.0,indeterminate,MB-4127,2,0.9681729016260614
0.0,indeterminate,MB-4127,3,0.9655918119308903
0.0,indeterminate,MB-4127,4,0.9623570526061284
0.0,indeterminate,MB-4276,1,0.9696351899648327
0.0,indeterminate,MB-4276,2,0.9669242352483564
0.0,indeterminate,MB-4276,3,0.963587199556945
0.0,indeterminate,MB-4276,4,0.9594141199717147
0.0,indeterminate,MB-4350,1,0.9677385956823537
0.0,indeterminate,MB-4350,2,0.9644832475361195
0.0,indeterminate,MB-4350,3,0.9604735141907118
0.0,indeterminate,MB-4350,4,0.9554737946013525
0.0,indeterminate,MB-4686,1,0.9699001547490358
0.0,indeterminate,MB-4686,2,0.9672994137714463
0.0,indeterminate,MB-4686,3,0.9640978851456844
0.0,indeterminate,MB-4686,4,0.9600907838061556
0.0,indeterminate,MB-4750,1,0.9698462783492067
0.0,indeterminate,MB-4750,2,0.9672212816857748
0.0,indeterminate,MB-4750,3,0.9639899568601482
0.0,indeterminate,MB-4750,4,0.9599458943701203
0.0,indeterminate,MB-4763,1,0.9687013289814744
0.0,indeterminate,MB-4763,2,0.9656932197332204
0.0,indeterminate,MB-4763,3,0.9619895655004852
0.0,indeterminate,MB-4763,4,0.9573671037493957
0.0,indeterminate,MB-4769,1,0.9698679931926877
0.0,indeterminate,MB-4769,2,0.9672526321158963
0.0,indeterminate,MB-4769,3,0.9640331456866076
0.0,indeterminate,MB-4769,4,0.9600035403496858
0.0,indeterminate,MB-4931,1,0.9692929280868755
0.0,indeterminate,MB-4931,2,0.9664619910971267
0.0,indeterminate,MB-4931,3,0.9629771248522109
0.0,indeterminate,MB-4931,4,0.9586231941197763
0.0,indeterminate,MB-4952,1,0.9700723114085356
0.0,indeterminate,MB-4952,2,0.9675583343998213
0.0,indeterminate,MB-4952,3,0.9644640495757003
0.0,indeterminate,MB-4952,4,0.9605912017773172
0.0,indeterminate,MB-5008,1,0.9703075024090895
0.0,indeterminate,MB-5008,2,0.9681684223388084
0.0,indeterminate,MB-5008,3,0.9655342616136661
0.0,indeterminate,MB-5008,4,0.9622339316302568
0.0,indeterminate,MB-5020,1,0.9700494442139073
0.0,indeterminate,MB-5020,2,0.9675229521061425
0.0,indeterminate,MB-5020,3,0.9644130723152301
0.0,indeterminate,MB-5020,4,0.9605207174939916
0.0,indeterminate,MB-5058,1,0.970326077501327
0.0,indeterminate,MB-5058,2,0.9680329088943687
0.0,indeterminate,MB-5058,3,0.9652115689235097
0.0,indeterminate,MB-5058,4,0.9616791291793897
0.0,indeterminate,MB-5062,1,0.9703397839432016
0.0,indeterminate,MB-5062,2,0.9681163302995996
0.0,indeterminate,MB-5062,3,0.9653800813777452
0.0,indeterminate,MB-5062,4,0.9619533118907829
0.0,indeterminate,MB-5124,1,0.9701995085047105
0.0,indeterminate,MB-5124,2,0.9677664862573726
0.0,indeterminate,MB-5124,3,0.964772789728805
0.0,indeterminate,MB-5124,4,0.9610256243616295
0.0,indeterminate,MB-5135,1,0.9662379173535907
0.0,indeterminate,MB-5135,2,0.9626460440090362
0.0,indeterminate,MB-5135,3,0.9582280637775992
0.0,indeterminate,MB-5135,4,0.9527016390138638
0.0,indeterminate,MB-5144,1,0.9668028114485451
0.0,indeterminate,MB-5144,2,0.9633328868894874
0.0,indeterminate,MB-5144,3,0.9590621408920255
0.0,indeterminate,MB-5144,4,0.9537278402067136
0.0,indeterminate,MB-5171,1,0.9624525514071148
0.0,indeterminate,MB-5171,2,0.9581291196448815
0.0,indeterminate,MB-5171,3,0.9528028959113463
0.0,indeterminate,MB-5171,4,0.9461218921567955
0.0,indeterminate,MB-5258,1,0.9700844564395636
0.0,indeterminate,MB-5258,2,0.9675773185697276
0.0,indeterminate,MB-5258,3,0.9644915511845604
0.0,indeterminate,MB-5258,4,0.9606293551083798
0.0,indeterminate,MB-5312,1,0.9702421955120921
0.0,indeterminate,MB-5312,2,0.9681690789709348
0.0,indeterminate,MB-5312,3,0.9656139493616691
0.0,indeterminate,MB-5312,4,0.9624112220238704
0.0,indeterminate,MB-5331,1,0.9686375142624133
0.0,indeterminate,MB-5331,2,0.9656117663740599
0.0,indeterminate,MB-5331,3,0.9618863026351289
0.0,indeterminate,MB-5331,4,0.9572370185937285
0.0,indeterminate,MB-5332,1,0.9699417044914035
0.0,indeterminate,MB-5332,2,0.9673605392461184
0.0,indeterminate,MB-5332,3,0.9641830464956288
0.0,indeterminate,MB-5332,4,0.9602060557764763
0.0,indeterminate,MB-5485,1,0.9703184872359045
0.0,indeterminate,MB-5485,2,0.9681624540576963
0.0,indeterminate,MB-5485,3,0.9655078665114264
0.0,indeterminate,MB-5485,4,0.9621822687063766
0.0,indeterminate,MB-5558,1,0.9692593621675919
0.0,indeterminate,MB-5558,2,0.966417534540957
0.0,indeterminate,MB-5558,3,0.9629192355029232
0.0,indeterminate,MB-5558,4,0.9585488473659649
0.0,indeterminate,MB-6100,1,0.9699898424166906
0.0,indeterminate,MB-6100,2,0.967432485303507
0.0,indeterminate,MB-6100,3,0.9642842110119738
0.0,indeterminate,MB-6100,4,0.9603438071796537
0.0,progressing,MB-0113,1,0.9680610507294837
0.0,progressing,MB-0113,2,0.9648846536705629
0.0,progressing,MB-0113,3,0.9609727434502524
0.0,progressing,MB-0113,4,0.9560937836727331
0.0,progressing,MB-0120,1,0.9703400048646897
0.0,progressing,MB-0120,2,0.968109728502995
0.0,progressing,MB-0120,3,0.9653651798664165
0.0,progressing,MB-0120,4,0.961928114209239
0.0,progressing,MB-0294,1,0.9640746621458162
0.0,progressing,MB-0294,2,0.9600478461491114
0.0,progressing,MB-0294,3,0.9551023089906383
0.0,progressing,MB-0294,4,0.9488937850015428
0.0,progressing,MB-0378,1,0.9702360198066106
0.0,progressing,MB-0378,2,0.9678321134827272
0.0,progressing,MB-0378,3,0.9648744595934637
0.0,progressing,MB-0378,4,0.9611722663119587
0.0,progressing,MB-0469,1,0.9703348473222814
0.0,progressing,MB-0469,2,0.9680660862475537
0.0,progressing,MB-0469,3,0.9652746068711909
0.0,progressing,MB-0469,4,0.9617792769910871
0.0,progressing,MB-0502,1,0.97018288691186
0.0,progressing,MB-0502,2,0.9677377858419776
0.0,progressing,MB-0502,3,0.9647291149117946
0.0,progressing,MB-0502,4,0.960963255291081
0.0,progressing,MB-2513,1,0.9684278508574476
0.0,progressing,MB-2513,2,0.9653456398748602
0.0,progressing,MB-2513,3,0.9615503316370992
0.0,progressing,MB-2513,4,0.9568150866436375
0.0,progressing,MB-2753,1,0.966322786505151
0.0,progressing,MB-2753,2,0.9627489457541153
0.0,progressing,MB-2753,3,0.9583527577395202
0.0,progressing,MB-2753,4,0.9528547575730231
0.0,progressing,MB-2786,1,0.9703378648323411
0.0,progressing,MB-2786,2,0.9680825101496117
0.0,progressing,MB-2786,3,0.9653074010601035
0.0,progressing,MB-2786,4,0.961832403256013
0.0,progressing,MB-2994,1,0.9682806971651499
0.0,progressing,MB-2994,2,0.9651600641756811
0.0,progressing,MB-2994,3,0.9613172032923573
0.0,progressing,MB-2994,4,0.9565233791819072
0.0,progressing,MB-3028,1,0.9692833242388947
0.0,progressing,MB-3028,2,0.9664492581340739
0.0,progressing,MB-3028,3,0.9629605325891293
0.0,progressing,MB-3028,4,0.9586018739778633
0.0,progressing,MB-3104,1,0.9623299009906886
0.0,progressing,MB-3104,2,0.957984501332922
0.0,progressing,MB-3104,3,0.9526300901225271
0.0,progressing,MB-3104,4,0.9459140525683823
0.0,progressing,MB-3383,1,0.9691727196469062
0.0,progressing,MB-3383,2,0.9663033429503695
0.0,progressing,MB-3383,3,0.9627710542525731
0.0,progressing,MB-3383,4,0.9583590055457512
0.0,progressing,MB-3470,1,0.9703375576083482
0.0,progressing,MB-3470,2,0.9680805232326294
0.0,progressing,MB-3470,3,0.9653033643493316
0.0,progressing,MB-3470,4,0.9618258211693729
0.0,progressing,MB-3614,1,0.9702635629657076
0.0,progressing,MB-3614,2,0.9678849656245266
0.0,progressing,MB-3614,3,0.9649585776859223
0.0,progressing,MB-3614,4,0.9612953679318891
0.0,progressing,MB-3711,1,0.9634172013026492
0.0,progressing,MB-3711,2,0.9592685879737799
0.0,progressing,MB-3711,3,0.9541669053797301
0.0,progressing,MB-3711,4,0.9477646393417263
0.0,progressing,MB-4127,1,0.9702677539453352
0.0,progressing,MB-4127,2,0.9681729016260614
0.0,progressing,MB-4127,3,0.9655918119308903
0.0,progressing,MB-4127,4,0.9623570526061284
0.0,progressing,MB-4276,1,0.9696351899648327
0.0,progressing,MB-4276,2,0.9669242352483564
0.0,progressing,MB-4276,3,0.963587199556945
0.0,progressing,MB-4276,4,0.9594141199717147
0.0,progressing,MB-4350,1,0.9677385956823537
0.0,progressing,MB-4350,2,0.9644832475361195
0.0,progressing,MB-4350,3,0.9604735141907118
0.0,progressing,MB-4350,4,0.9554737946013525
0.0,progressing,MB-4686,1,0.9699001547490358
0.0,progressing,MB-4686,2,0.9672994137714463
0.0,progressing,MB-4686,3,0.9640978851456844
0.0,progressing,MB-4686,4,0.9600907838061556
0.0,progressing,MB-4750,1,0.9698462783492067
0.0,progressing,MB-4750,2,0.9672212816857748
0.0,progressing,MB-4750,3,0.9639899568601482
0.0,progressing,MB-4750,4,0.9599458943701203
0.0,progressing,MB-4763,1,0.9687013289814744
0.0,progressing,MB-4763,2,0.9656932197332204
0.0,progressing,MB-4763,3,0.9619895655004852
0.0,progressing,MB-4763,4,0.9573671037493957
0.0,progressing,MB-4769,1,0.9698679931926877
0.0,progressing,MB-4769,2,0.9672526321158963
0.0,progressing,MB-4769,3,0.9640331456866076
0.0,progressing,MB-4769,4,0.9600035403496858
0.0,progressing,MB-4931,1,0.9692929280868755
0.0,progressing,MB-4931,2,0.9664619910971267
0.0,progressing,MB-4931,3,0.9629771248522109
0.0,progressing,MB-4931,4,0.9586231941197763
0.0,progressing,MB-4952,1,0.9700723114085356
0.0,progressing,MB-4952,2,0.9675583343998213
0.0,progressing,MB-4952,3,0.9644640495757003
0.0,progressing,MB-4952,4,0.9605912017773172
0.0,progressing,MB-5008,1,0.9703075024090895
0.0,progressing,MB-5008,2,0.9681684223388084
0.0,progressing,MB-5008,3,0.9655342616136661
0.0,progressing,MB-5008,4,0.9622339316302568
0.0,progressing,MB-5020,1,0.9700494442139073
0.0,progressing,MB-5020,2,0.9675229521061425
0.0,progressing,MB-5020,3,0.9644130723152301
0.0,progressing,MB-5020,4,0.9605207174939916
0.0,progressing,MB-5058,1,0.970326077501327
0.0,progressing,MB-5058,2,0.9680329088943687
0.0,progressing,MB-5058,3,0.9652115689235097
0.0,progressing,MB-5058,4,0.9616791291793897
0.0,progressing,MB-5062,1,0.9703397839432016
0.0,progressing,MB-5062,2,0.9681163302995996
0.0,progressing,MB-5062,3,0.9653800813777452
0.0,progressing,MB-5062,4,0.9619533118907829
0.0,progressing,MB-5124,1,0.9701995085047105
0.0,progressing,MB-5124,2,0.9677664862573726
0.0,progressing,MB-5124,3,0.964772789728805
0.0,progressing,MB-5124,4,0.9610256243616295
0.0,progressing,MB-5135,1,0.9662379173535907
0.0,progressing,MB-5135,2,0.9626460440090362
0.0,progressing,MB-5135,3,0.9582280637775992
0.0,progressing,MB-5135,4,0.9527016390138638
0.0,progressing,MB-5144,1,0.9668028114485451
0.0,progressing,MB-5144,2,0.9633328868894874
0.0,progressing,MB-5144,3,0.9590621408920255
0.0,progressing,MB-5144,4,0.9537278402067136
0.0,progressing,MB-5171,1,0.9624525514071148
0.0,progressing,MB-5171,2,0.9581291196448815
0.0,progressing,MB-5171,3,0.9528028959113463
0.0,progressing,MB-5171,4,0.9461218921567955
0.0,progressing,MB-5258,1,0.9700844564395636
0.0,progressing,MB-5258,2,0.9675773185697276
0.0,progressing,MB-5258,3,0.9644915511845604
0.0,progressing,MB-5258,4,0.9606293551083798
0.0,progressing,MB-5312,1,0.9702421955120921
0.0,progressing,MB-5312,2,0.9681690789709348
0.0,progressing,MB-5312,3,0.9656139493616691
0.0,progressing,MB-5312,4,0.9624112220238704
0.0,progressing,MB-5331,1,0.9686375142624133
0.0,progressing,MB-5331,2,0.9656117663740599
0.0,progressing,MB-5331,3,0.9618863026351289
0.0,progressing,MB-5331,4,0.9572370185937285
0.0,progressing,MB-5332,1,0.9699417044914035
0.0,progressing,MB-5332,2,0.9673605392461184
0.0,progressing,MB-5332,3,0.9641830464956288
0.0,progressing,MB-5332,4,0.9602060557764763
0.0,progressing,MB-5485,1,0.9703184872359045
0.0,progressing,MB-5485,2,0.9681624540576963
0.0,progressing,MB-5485,3,0.9655078665114264
0.0,progressing,MB-5485,4,0.9621822687063766
0.0,progressing,MB-5558,1,0.9692593621675919
0.0,progressing,MB-5558,2,0.966417534540957
0.0,progressing,MB-5558,3,0.9629192355029232
0.0,progressing,MB-5558,4,0.9585488473659649
0.0,progressing,MB-6100,1,0.9699898424166906
0.0,progressing,MB-6100,2,0.967432485303507
0.0,progressing,MB-6100,3,0.9642842110119738
0.0,progressing,MB-6100,4,0.9603438071796537
0.1,controlled,MB-0113,1,0.9674803396506241
0.1,controlled,MB-0113,2,0.964163853739293
0.1,controlled,MB-0113,3,0.9600783223217049
0.1,controlled,MB-0113,4,0.9549849187305381
0.1,controlled,MB-0120,1,0.9703060880216205
0.1,controlled,MB-0120,2,0.9679775854250103
0.1,controlled,MB-0120,3,0.9651128931601058
0.1,controlled,MB-0120,4,0.9615265261157624
0.1,controlled,MB-0294,1,0.9631056003714772
0.1,controlled,MB-0294,2,0.9589000954383132
0.1,controlled,MB-0294,3,0.953725294555676
0.1,controlled,MB-0294,4,0.9472323307667584
0.1,controlled,MB-0378,1,0.9700836410372327
0.1,controlled,MB-0378,2,0.9675760395439758
0.1,controlled,MB-0378,3,0.9644896948717417
0.1,controlled,MB-0378,4,0.9606267769059448
0.1,controlled,MB-0469,1,0.9702738149792155
0.1,controlled,MB-0469,2,0.9679057177798314
0.1,controlled,MB-0469,3,0.9649922830466447
0.1,controlled,MB-0469,4,0.961345215821166
0.1,controlled,MB-0502,1,0.9700037806919539
0.1,controlled,MB-0502,2,0.9674535263319577
0.1,controlled,MB-0502,3,0.9643140066506828
0.1,controlled,MB-0502,4,0.9603845616631776
0.1,controlled,MB-2513,1,0.9678940179980853
0.1,controlled,MB-2513,2,0.9646763288285484
0.1,controlled,MB-2513,3,0.9607132650279004
0.1,controlled,MB-2513,4,0.955771178679336
0.1,controlled,MB-2753,1,0.9655541404701513
0.1,controlled,MB-2753,2,0.9618201241868759
0.1,controlled,MB-2753,3,0.957230128156048
0.1,controlled,MB-2753,4,0.9514794807928776
0.1,controlled,MB-2786,1,0.9702862201962954
0.1,controlled,MB-2786,2,0.9679319230773431
0.1,controlled,MB-2786,3,0.965035495453624
0.1,controlled,MB-2786,4,0.9614096155144142
0.1,controlled,MB-2994,1,0.9677276120376007
0.1,controlled,MB-2994,2,0.9644696284035031
0.1,controlled,MB-2994,3,0.9604566284060788
0.1,controlled,MB-2994,4,0.9554528733448308
0.1,controlled,MB-3028,1,0.968878780348318
0.1,controlled,MB-3028,2,0.9659210006949889
0.1,controlled,MB-3028,3,0.9622795510849413
0.1,controlled,MB-3028,4,0.9577335385334689
0.1,controlled,MB-3104,1,0.9612218584938167
0.1,controlled,MB-3104,2,0.9566802298351403
0.1,controlled,MB-3104,3,0.9510743010363643
0.1,controlled,MB-3104,4,0.9440452702188669
0.1,controlled,MB-3383,1,0.968749196662679
0.1,controlled,MB-3383,2,0.965754471367027
0.1,controlled,MB-3383,3,0.9620673627793049
0.1,controlled,MB-3383,4,0.9574652432259011
0.1,controlled,MB-3470,1,0.9702847334031607
0.1,controlled,MB-3470,2,0.9679287076742562
0.1,controlled,MB-3470,3,0.9650301507989371
0.1,controlled,MB-3470,4,0.9614016187179986
0.1,controlled,MB-3614,1,0.9701278538006631
0.1,controlled,MB-3614,2,0.9676464287025773
0.1,controlled,MB-3614,3,0.9645926527175589
0.1,controlled,MB-3614,4,0.9607704492216991
0.1,controlled,MB-3711,1,0.96239451146728
0.1,controlled,MB-3711,2,0.958060677479534
0.1,controlled,MB-3711,3,0.9527211056515003
0.1,controlled,MB-3711,4,0.9460235128862134
0.1,controlled,MB-4127,1,0.9703335207132676
0.1,controlled,MB-4127,2,0.9681438205452285
0.1,controlled,MB-4127,3,0.965448537224972
0.1,controlled,MB-4127,4,0.9620725514529955
0.1,controlled,MB-4276,1,0.9692985865990812
0.1,controlled,MB-4276,2,0.9664694982698698
0.1,controlled,MB-4276,3,0.9629869119857387
0.1,controlled,MB-4276,4,0.9586357741910521
0.1,controlled,MB-4350,1,0.9671193680481767
0.1,controlled,MB-4350,2,0.9637200157277781
0.1,controlled,MB-4350,3,0.9595343194384505
0.1,controlled,MB-4350,4,0.9543110826667021
0.1,controlled,MB-4686,1,0.9696270028462602
0.1,controlled,MB-4686,2,0.9669129423347523
0.1,controlled,MB-4686,3,0.963572083878743
0.1,controlled,MB-4686,4,0.9593943338815907
0.1,controlled,MB-4750,1,0.9695589286421714
0.1,controlled,MB-4750,2,0.9668195691894282
0.1,controlled,MB-4750,3,0.9634475635110011
0.1,controlled,MB-4750,4,0.9592317473460259
0.1,controlled,MB-4763,1,0.9682051644286214
0.1,controlled,MB-4763,2,0.9650651529005504
0.1,controlled,MB-4763,3,0.9611983010965643
0.1,controlled,MB-4763,4,0.9563749069099382
0.1,controlled,MB-4769,1,0.9695862671167016
0.1,controlled,MB-4769,2,0.9668569588311133
0.1,controlled,MB-4769,3,0.9634973295196462
0.1,controlled,MB-4769,4,0.959296641621827
0.1,controlled,MB-4931,1,0.9688900764094986
0.1,controlled,MB-4931,2,0.9659355700622779
0.1,controlled,MB-4931,3,0.962298164700949
0.1,controlled,MB-4931,4,0.9577571197704551
0.1,controlled,MB-4952,1,0.9698508716434618
0.1,controlled,MB-4952,2,0.9672278981662922
0.1,controlled,MB-4952,3,0.9639990592501085
0.1,controlled,MB-4952,4,0.9599580276159323
0.1,controlled,MB-5008,1,0.9703399568892626
0.1,controlled,MB-5008,2,0.9681050204790443
0.1,controlled,MB-5008,3,0.9653547993759422
0.1,controlled,MB-5008,4,0.9619106953853567
0.1,controlled,MB-5020,1,0.9698204694198683
0.1,controlled,MB-5020,2,0.9671842473775528
0.1,controlled,MB-5020,3,0.9639391279148417
0.1,controlled,MB-5020,4,0.9598782441884144
0.1,controlled,MB-5058,1,0.9702481105714489
0.1,controlled,MB-5058,2,0.9678548702519151
0.1,controlled,MB-5058,3,0.9649104003034552
0.1,controlled,MB-5058,4,0.9612246485284549
0.1,controlled,MB-5062,1,0.970310728218473
0.1,controlled,MB-5062,2,0.9679892385348906
0.1,controlled,MB-5062,3,0.9651331618690842
0.1,controlled,MB-5062,4,0.9615575166712214
0.1,controlled,MB-5124,1,0.9700281880959619
0.1,controlled,MB-5124,2,0.967490445878751
0.1,controlled,MB-5124,3,0.9643665380369288
0.1,controlled,MB-5124,4,0.960456631497391
0.1,controlled,MB-5135,1,0.9654610547904512
0.1,controlled,MB-5135,2,0.9617080752639077
0.1,controlled,MB-5135,3,0.9570951000000651
0.1,controlled,MB-5135,4,0.9513145187988099
0.1,controlled,MB-5144,1,0.9660819817535915
0.1,controlled,MB-5144,2,0.962457216167322
0.1,controlled,MB-5144,3,0.9579994681029887
0.1,controlled,MB-5144,4,0.9524211829758342
0.1,controlled,MB-5171,1,0.9613539554600928
0.1,controlled,MB-5171,2,0.9568355261565019
0.1,controlled,MB-5171,3,0.9512593088510055
0.1,controlled,MB-5171,4,0.9442672861233571
0.1,controlled,MB-5258,1,0.9698671534435661
0.1,controlled,MB-5258,2,0.9672514163387554
0.1,controlled,MB-5258,3,0.9640314679620535
0.1,controlled,MB-5258,4,0.9600012836469345
0.1,controlled,MB-5312,1,0.9703246134081377
0.1,controlled,MB-5312,2,0.9681571090258174
0.1,controlled,MB-5312,3,0.9654886745316613
0.1,controlled,MB-5312,4,0.9621459389859166
0.1,controlled,MB-5331,1,0.9681323165987279
0.1,controlled,MB-5331,2,0.9649738196615085
0.1,controlled,MB-5331,3,0.961084078268335
0.1,controlled,MB-5331,4,0.9562324615133817
0.1,controlled,MB-5332,1,0.9696801128101898
0.1,controlled,MB-5332,2,0.9669864628986741
0.1,controlled,MB-5332,3,0.9636707227672958
0.1,controlled,MB-5332,4,0.9595236546036751
0.1,controlled,MB-5485,1,0.9703383710511803
0.1,controlled,MB-5485,2,0.9680860699130567
0.1,controlled,MB-5485,3,0.9653146862561024
0.1,controlled,MB-5485,4,0.9618443142263042
0.1,controlled,MB-5558,1,0.968850628233316
0.1,controlled,MB-5558,2,0.9658847289038509
0.1,controlled,MB-5558,3,0.9622332464969569
0.1,controlled,MB-5558,4,0.9576749090299229
0.1,controlled,MB-6100,1,0.9697424366339014
0.1,controlled,MB-6100,2,0.9670736013998436
0.1,controlled,MB-6100,3,0.9637883863762207
0.1,controlled,MB-6100,4,0.9596785848031141
0.1,indeterminate,MB-0113,1,0.9682061439785914
0.1,indeterminate,MB-0113,2,0.9650663823562363
0.1,indeterminate,MB-0113,3,0.9611998399694053
0.1,indeterminate,MB-0113,4,0.9563768272239119
0.1,indeterminate,MB-0120,1,0.9703372821926846
0.1,indeterminate,MB-0120,2,0.9681330448050727
0.1,indeterminate,MB-0120,3,0.9654201377686729
0.1,indeterminate,MB-0120,4,0.9620223118705571
0.1,indeterminate,MB-0294,1,0.9643228360978023
0.1,indeterminate,MB-0294,2,0.960344001000899
0.1,indeterminate,MB-0294,3,0.9554568283801141
0.1,indeterminate,MB-0294,4,0.9493223724991334
0.1,indeterminate,MB-0378,1,0.9702656325195009
0.1,indeterminate,MB-0378,2,0.9678890984959908
0.1,indeterminate,MB-0378,3,0.9649652567781872
0.1,indeterminate,MB-0378,4,0.9613052205476346
0.1,indeterminate,MB-0469,1,0.9703395414451619
0.1,indeterminate,MB-0469,2,0.9680970865193808
0.1,indeterminate,MB-0469,3,0.9653377073815026
0.1,indeterminate,MB-0469,4,0.9618822378540101
0.1,indeterminate,MB-0502,1,0.9702197707686495
0.1,indeterminate,MB-0502,2,0.9678024029362319
0.1,indeterminate,MB-0502,3,0.9648280945473817
0.1,indeterminate,MB-0502,4,0.961105124951002
0.1,indeterminate,MB-2513,1,0.9685604161063143
0.1,indeterminate,MB-2513,2,0.9655136512530159
0.1,indeterminate,MB-2513,3,0.9617621949114299
0.1,indeterminate,MB-2513,4,0.9570809316876557
0.1,indeterminate,MB-2753,1,0.966517903507585
0.1,indeterminate,MB-2753,2,0.962985891589389
0.1,indeterminate,MB-2753,3,0.9586402260735011
0.1,indeterminate,MB-2753,4,0.9532081405748579
0.1,indeterminate,MB-2786,1,0.9703399921872999
0.1,indeterminate,MB-2786,2,0.9681108486301311
0.1,indeterminate,MB-2786,3,0.9653676784653872
0.1,indeterminate,MB-2786,4,0.9619323230315838
0.1,indeterminate,MB-2994,1,0.9684184101496678
0.1,indeterminate,MB-2994,2,0.9653337061245298
0.1,indeterminate,MB-2994,3,0.9615353129898812
0.1,indeterminate,MB-2994,4,0.9567962690823802
0.1,indeterminate,MB-3028,1,0.9693812177481929
0.1,indeterminate,MB-3028,2,0.9665795703238816
0.1,indeterminate,MB-3028,3,0.9631308191999532
0.1,indeterminate,MB-3028,4,0.9588211157759252
0.1,indeterminate,MB-3104,1,0.9626147358520659
0.1,indeterminate,MB-3104,2,0.9583204369355819
0.1,indeterminate,MB-3104,3,0.9530316038409212
0.1,indeterminate,MB-3104,4,0.9463970581262259
0.1,indeterminate,MB-3383,1,0.9692757144251579
0.1,indeterminate,MB-3383,2,0.9664391764136896
0.1,indeterminate,MB-3383,3,0.9629474020057313
0.1,indeterminate,MB-3383,4,0.9585850081194068
0.1,indeterminate,MB-3470,1,0.9703400075379448
0.1,indeterminate,MB-3470,2,0.9681091960802434
0.1,indeterminate,MB-3470,3,0.9653639962432863
0.1,indeterminate,MB-3470,4,0.9619261226407813
0.1,indeterminate,MB-3614,1,0.9702886361588559
0.1,indeterminate,MB-3614,2,0.9679371972731918
0.1,indeterminate,MB-3614,3,0.9650442896556612
0.1,indeterminate,MB-3614,4,0.9614227938565749
0.1,indeterminate,MB-3711,1,0.9636795325481675
0.1,indeterminate,MB-3711,2,0.9595791618052603
0.1,indeterminate,MB-3711,3,0.9545395168609349
0.1,indeterminate,MB-3711,4,0.9482141489160885
0.1,indeterminate,MB-4127,1,0.9702376902226056
0.1,indeterminate,MB-4127,2,0.9681680822892702
0.1,indeterminate,MB-4127,3,0.9656171353629883
0.1,indeterminate,MB-4127,4,0.962419566331018
0.1,indeterminate,MB-4276,1,0.9697147876514698
0.1,indeterminate,MB-4276,2,0.9670348206032204
0.1,indeterminate,MB-4276,3,0.9637359138844682
0.1,indeterminate,MB-4276,4,0.9596093994644724
0.1,indeterminate,MB-4350,1,0.9678939663486762
0.1,indeterminate,MB-4350,2,0.9646762645467835
0.1,indeterminate,MB-4350,3,0.9607131850939008
0.1,indeterminate,MB-4350,4,0.9557710794224274
0.1,indeterminate,MB-4686,1,0.9699626152063334
0.1,indeterminate,MB-4686,2,0.9673916308218448
0.1,indeterminate,MB-4686,3,0.9642266344264632
0.1,indeterminate,MB-4686,4,0.9602652936440903
0.1,indeterminate,MB-4750,1,0.9699125777075038
0.1,indeterminate,MB-4750,2,0.9673176040992812
0.1,indeterminate,MB-4750,3,0.9641231579529324
0.1,indeterminate,MB-4750,4,0.9601249303169916
0.1,indeterminate,MB-4763,1,0.968823811318961
0.1,indeterminate,MB-4763,2,0.9658502267827488
0.1,indeterminate,MB-4763,3,0.9621892474517478
0.1,indeterminate,MB-4763,4,0.9576192414622038
0.1,indeterminate,MB-4769,1,0.969932772293203
0.1,indeterminate,MB-4769,2,0.9673473281034608
0.1,indeterminate,MB-4769,3,0.9641645823755753
0.1,indeterminate,MB-4769,4,0.9601810120688222
0.1,indeterminate,MB-4931,1,0.9693903665557829
0.1,indeterminate,MB-4931,2,0.96659181122107
0.1,indeterminate,MB-4931,3,0.9631468717696925
0.1,indeterminate,MB-4931,4,0.9588418345098527
0.1,indeterminate,MB-4952,1,0.9701210422081946
0.1,indeterminate,MB-4952,2,0.9676354352534472
0.1,indeterminate,MB-4952,3,0.9645764597041281
0.1,indeterminate,MB-4952,4,0.9607477578651781
0.1,indeterminate,MB-5008,1,0.9702865883289915
0.1,indeterminate,MB-5008,2,0.9681729860046097
0.1,indeterminate,MB-5008,3,0.9655694368984485
0.1,indeterminate,MB-5008,4,0.9623069423419642
0.1,indeterminate,MB-5020,1,0.9701002878602132
0.1,indeterminate,MB-5020,2,0.967602285732638
0.1,indeterminate,MB-5020,3,0.9645278906007817
0.1,indeterminate,MB-5020,4,0.9606799137908513
0.1,indeterminate,MB-5058,1,0.970335399105886
0.1,indeterminate,MB-5058,2,0.9680687148649194
0.1,indeterminate,MB-5058,3,0.9652797729501778
0.1,indeterminate,MB-5058,4,0.9617875952091458
0.1,indeterminate,MB-5062,1,0.9703357306857908
0.1,indeterminate,MB-5062,2,0.9681382704680461
0.1,indeterminate,MB-5062,3,0.9654335832751847
0.1,indeterminate,MB-5062,4,0.9620459451986806
0.1,indeterminate,MB-5124,1,0.9702342751863938
0.1,indeterminate,MB-5124,2,0.9678288787362647
0.1,indeterminate,MB-5124,3,0.9648693820942403
0.1,indeterminate,MB-5124,4,0.9611648903648906
0.1,indeterminate,MB-5135,1,0.9664352148334213
0.1,indeterminate,MB-5135,2,0.9628854113019982
0.1,indeterminate,MB-5135,3,0.9585182610751426
0.1,indeterminate,MB-5135,4,0.9530581426436131
0.1,indeterminate,MB-5144,1,0.9669852289204738
0.1,indeterminate,MB-5144,2,0.9635557524158936
0.1,indeterminate,MB-5144,3,0.959333766543612
0.1,indeterminate,MB-5144,4,0.9540631329495712
0.1,indeterminate,MB-5171,1,0.9627348972522067
0.1,indeterminate,MB-5171,2,0.9584622464073628
0.1,indeterminate,MB-5171,3,0.9532012048036919
0.1,indeterminate,MB-5171,4,0.9466011794459317
0.1,indeterminate,MB-5258,1,0.9701320275785291
0.1,indeterminate,MB-5258,2,0.9676531947568835
0.1,indeterminate,MB-5258,3,0.9646026412271673
0.1,indeterminate,MB-5258,4,0.9607844647842969
0.1,indeterminate,MB-5312,1,0.9702075536936604
0.1,indeterminate,MB-5312,2,0.9681595766469634
0.1,indeterminate,MB-5312,3,0.9656343671192931
0.1,indeterminate,MB-5312,4,0.9624685221235889
0.1,indeterminate,MB-5331,1,0.9687624159036858
0.1,indeterminate,MB-5331,2,0.9657714108330275
0.1,indeterminate,MB-5331,3,0.9620889008163078
0.1,indeterminate,MB-5331,4,0.9574924340372877
0.1,indeterminate,MB-5332,1,0.9700010465805153
0.1,indeterminate,MB-5332,2,0.9674494156203031
0.1,indeterminate,MB-5332,3,0.9643081776686538
0.1,indeterminate,MB-5332,4,0.960376581915491
0.1,indeterminate,MB-5485,1,0.9703010225586299
0.1,indeterminate,MB-5485,2,0.9681705634739207
0.1,indeterminate,MB-5485,3,0.9655467727093131
0.1,indeterminate,MB-5485,4,0.9622592640151644
0.1,indeterminate,MB-5558,1,0.9693583822478431
0.1,indeterminate,MB-5558,2,0.9665490652786084
0.1,indeterminate,MB-5558,3,0.9630908589501781
0.1,indeterminate,MB-5558,4,0.958769579281722
0.1,indeterminate,MB-6100,1,0.9700457417446577
0.1,indeterminate,MB-6100,2,0.967517264714323
0.1,indeterminate,MB-6100,3,0.9644049105099122
0.1,indeterminate,MB-6100,4,0.9605094600535343
0.1,progressing,MB-0113,1,0.9690011688083119
0.1,progressing,MB-0113,2,0.9660793469653368
0.1,progressing,MB-0113,3,0.9624823144890644
0.1,progressing,MB-0113,4,0.957990841629859
0.1,progressing,MB-0120,1,0.9702040197116897
0.1,progressing,MB-0120,2,0.9681584015640832
0.1,progressing,MB-0120,3,0.9656359935623152
0.1,progressing,MB-0120,4,0.9624735999890088
0.1,progressing,MB-0294,1,0.9657463711937311
0.1,progressing,MB-0294,2,0.9620517916687661
0.1,progressing,MB-0294,3,0.9575095616126786
0.1,progressing,MB-0294,4,0.9518211512381031
0.1,progressing,MB-0378,1,0.9703384770930231
0.1,progressing,MB-0378,2,0.9681275032665263
0.1,progressing,MB-0378,3,0.9654064193557715
0.1,progressing,MB-0378,4,0.9619984564700498
0.1,progressing,MB-0469,1,0.9702537022103793
0.1,progressing,MB-0469,2,0.9681712207316988
0.1,progressing,MB-0469,3,0.9656049162782203
0.1,progressing,MB-0469,4,0.9623884038645806
0.1,progressing,MB-0502,1,0.9703387257136493
0.1,progressing,MB-0502,2,0.968088855647768
0.1,progressing,MB-0502,3,0.9653204371275583
0.1,progressing,MB-0502,4,0.9618537464969764
0.1,progressing,MB-2513,1,0.9692782012756461
0.1,progressing,MB-2513,2,0.9664424703458081
0.1,progressing,MB-2513,3,0.9629516914094988
0.1,progressing,MB-2513,4,0.958590517134802
0.1,progressing,MB-2753,1,0.9676193384949276
0.1,progressing,MB-2753,2,0.9643355474745241
0.1,progressing,MB-2753,3,0.9602905556885317
0.1,progressing,MB-2753,4,0.9552472698209217
0.1,progressing,MB-2786,1,0.9702377507095676
0.1,progressing,MB-2786,2,0.9681680962123523
0.1,progressing,MB-2786,3,0.9656170937907415
0.1,progressing,MB-2786,4,0.9624194563239159
0.1,progressing,MB-2994,1,0.9691679594077339
0.1,progressing,MB-2994,2,0.9662970913002629
0.1,progressing,MB-2994,3,0.9627629621220102
0.1,progressing,MB-2994,4,0.9583486568532735
0.1,progressing,MB-3028,1,0.9698840442191059
0.1,progressing,MB-3028,2,0.9672759254031255
0.1,progressing,MB-3028,3,0.9640653353132106
0.1,progressing,MB-3028,4,0.960046879312567
0.1,progressing,MB-3104,1,0.9642595072729312
0.1,progressing,MB-3104,2,0.96026839050512
0.1,progressing,MB-3104,3,0.9553662819194613
0.1,progressing,MB-3104,4,0.9492128727024645
0.1,progressing,MB-3383,1,0.9698102831130477
0.1,progressing,MB-3383,2,0.9671696945691683
0.1,progressing,MB-3383,3,0.9639192083397511
0.1,progressing,MB-3383,4,0.9598517791572916
0.1,progressing,MB-3470,1,0.9702398279574667
0.1,progressing,MB-3470,2,0.9681685655159198
0.1,progressing,MB-3470,3,0.9656156464908442
0.1,progressing,MB-3470,4,0.9624156454559364
0.1,progressing,MB-3614,1,0.9703326484178173
0.1,progressing,MB-3614,2,0.9681456310359607
0.1,progressing,MB-3614,3,0.9654535967722832
0.1,progressing,MB-3614,4,0.9620816361385872
0.1,progressing,MB-3711,1,0.965188613542466
0.1,progressing,MB-3711,2,0.9613806018637581
0.1,progressing,MB-3711,3,0.9567009008701901
0.1,progressing,MB-3711,4,0.9508334256407238
0.1,progressing,MB-4127,1,0.9699297192828228
0.1,progressing,MB-4127,2,0.9680140737812059
0.1,progressing,MB-4127,3,0.9656452823449339
0.1,progressing,MB-4127,4,0.9626715830962743
0.1,progressing,MB-4276,1,0.97010436892154
0.1,progressing,MB-4276,2,0.9676087650298715
0.1,progressing,MB-4276,3,0.9645373542111707
0.1,progressing,MB-4276,4,0.9606931083274224
0.1,progressing,MB-4350,1,0.9687521959841544
0.1,progressing,MB-4350,2,0.9657583138429668
0.1,progressing,MB-4350,3,0.9620722474972175
0.1,progressing,MB-4350,4,0.9574714091529705
0.1,progressing,MB-4686,1,0.9702461216598278
0.1,progressing,MB-4686,2,0.9678510835722215
0.1,progressing,MB-4686,3,0.9649043922088899
0.1,progressing,MB-4686,4,0.9612158704719203
0.1,progressing,MB-4750,1,0.9702199300378062
0.1,progressing,MB-4750,2,0.9678026898967368
0.1,progressing,MB-4750,3,0.9648285395647027
0.1,progressing,MB-4750,4,0.9611057671774116
0.1,progressing,MB-4763,1,0.9694792699338648
0.1,progressing,MB-4763,2,0.9667113790529986
0.1,progressing,MB-4763,3,0.9633042296774071
0.1,progressing,MB-4763,4,0.9590454366064447
0.1,progressing,MB-4769,1,0.970230687285482
0.1,progressing,MB-4769,2,0.9678222618807951
0.1,progressing,MB-4769,3,0.9648590188707095
0.1,progressing,MB-4769,4,0.9611498540495726
0.1,progressing,MB-4931,1,0.9698903595816035
0.1,progressing,MB-4931,2,0.9672851195844718
0.1,progressing,MB-4931,3,0.9640780654320951
0.1,progressing,MB-4931,4,0.9600640404087057
0.1,progressing,MB-4952,1,0.9703149348090833
0.1,progressing,MB-4952,2,0.9680002837149821
0.1,progressing,MB-4952,3,0.9651526031996731
0.1,progressing,MB-4952,4,0.9615874045654156
0.1,progressing,MB-5008,1,0.970036652822696
0.1,progressing,MB-5008,2,0.9680789250733104
0.1,progressing,MB-5008,3,0.9656601275686194
0.1,progressing,MB-5008,4,0.9626251278805219
0.1,progressing,MB-5020,1,0.9703075203173221
0.1,progressing,MB-5020,2,0.9679811300757363
0.1,progressing,MB-5020,3,0.9651190334828228
0.1,progressing,MB-5020,4,0.961535896909723
0.1,progressing,MB-5058,1,0.9702791041576585
0.1,progressing,MB-5058,2,0.9681733090864164
0.1,progressing,MB-5058,3,0.9655791190043217
0.1,progressing,MB-5058,4,0.9623281844757813
0.1,progressing,MB-5062,1,0.9701939513243047
0.1,progressing,MB-5062,2,0.9681548820327792
0.1,progressing,MB-5062,3,0.9656402462777013
0.1,progressing,MB-5062,4,0.9624874261308082
0.1,progressing,MB-5124,1,0.9703398130784904
0.1,progressing,MB-5124,2,0.9681013357430713
0.1,progressing,MB-5124,3,0.9653468024967219
0.1,progressing,MB-5124,4,0.9618973473006552
0.1,progressing,MB-5135,1,0.9675499402038431
0.1,progressing,MB-5135,2,0.9642497663948143
0.1,progressing,MB-5135,3,0.9601844623189675
0.1,progressing,MB-5135,4,0.9551160685035976
0.1,progressing,MB-5144,1,0.9680091560151446
0.1,progressing,MB-5144,2,0.964819833517432
0.1,progressing,MB-5144,3,0.9608919131070442
0.1,progressing,MB-5144,4,0.9559932008307689
0.1,progressing,MB-5171,1,0.9643646768136253
0.1,progressing,MB-5171,2,0.9603939707594911
0.1,progressing,MB-5171,3,0.9555166826352195
0.1,progressing,MB-5171,4,0.9493947694079291
0.1,progressing,MB-5258,1,0.9703185952304293
0.1,progressing,MB-5258,2,0.9680103632576477
0.1,progressing,MB-5258,3,0.965170559068951
0.1,progressing,MB-5258,4,0.9616151582480659
0.1,progressing,MB-5312,1,0.9698707955193252
0.1,progressing,MB-5312,2,0.9679756010620703
0.1,progressing,MB-5312,3,0.9656313191700528
0.1,progressing,MB-5312,4,0.9626876190678869
0.1,progressing,MB-5331,1,0.9694328426993719
0.1,progressing,MB-5331,2,0.9666487944930602
0.1,progressing,MB-5331,3,0.9632217356536443
0.1,progressing,MB-5331,4,0.9589385831113578
0.1,progressing,MB-5332,1,0.9702650792453211
0.1,progressing,MB-5332,2,0.9678879909898492
0.1,progressing,MB-5332,3,0.9649634653678656
0.1,progressing,MB-5332,4,0.9613025767602276
0.1,progressing,MB-5485,1,0.9700732481999352
0.1,progressing,MB-5485,2,0.968099122493944
0.1,progressing,MB-5485,3,0.9656611123584079
0.1,progressing,MB-5485,4,0.962602527959611
0.1,progressing,MB-5558,1,0.9698682222397106
0.1,progressing,MB-5558,2,0.9672529637756626
0.1,progressing,MB-5558,3,0.9640336034046687
0.1,progressing,MB-5558,4,0.9600041560612016
0.1,progressing,MB-6100,1,0.9702854307795082
0.1,progressing,MB-6100,2,0.967930213055666
0.1,progressing,MB-6100,3,0.9650326514961735
0.1,progressing,MB-6100,4,0.9614053591717967
0.25,controlled,MB-0113,1,0.9663659110751337
0.25,controlled,MB-0113,2,0.9628012699385057
0.25,controlled,MB-0113,3,0.9584161968626257
0.25,controlled,MB-0113,4,0.9529326960136371
0.25,controlled,MB-0120,1,0.9700997980482083
0.25,controlled,MB-0120,2,0.9676015093110424
0.25,controlled,MB-0120,3,0.96452675749946
0.25,controlled,MB-0120,4,0.9606783347619433
0.25,controlled,MB-0294,1,0.9613225073373997
0.25,controlled,MB-0294,2,0.9567985505685885
0.25,controlled,MB-0294,3,0.951215253641636
0.25,controlled,MB-0294,4,0.9442144134735225
0.25,controlled,MB-0378,1,0.9696871458005305
0.25,controlled,MB-0378,2,0.9669962472671971
0.25,controlled,MB-0378,3,0.9636838923859522
0.25,controlled,MB-0378,4,0.9595409581677581
0.25,controlled,MB-0469,1,0.9700235802939414
0.25,controlled,MB-0469,2,0.9674834441080385
0.25,controlled,MB-0469,3,0.9643565500434003
0.25,controlled,MB-0469,4,0.9604429066155975
0.25,controlled,MB-0502,1,0.9695644341652475
0.25,controlled,MB-0502,2,0.9668270876003139
0.25,controlled,MB-0502,3,0.9634575606413609
0.25,controlled,MB-0502,4,0.959244774621668
0.25,controlled,MB-2513,1,0.9668592410181034
0.25,controlled,MB-2513,2,0.9634017676483326
0.25,controlled,MB-2513,3,0.9591460356285384
0.25,controlled,MB-2513,4,0.9538313368827407
0.25,controlled,MB-2753,1,0.9641178744238686
0.25,controlled,MB-2753,2,0.9600993845826717
0.25,controlled,MB-2753,3,0.9551639781581442
0.25,controlled,MB-2753,4,0.948968311647677
0.25,controlled,MB-2786,1,0.9700512124611347
0.25,controlled,MB-2786,2,0.9675256722459868
0.25,controlled,MB-2786,3,0.9644169789908711
0.25,controlled,MB-2786,4,0.960526108546053
0.25,controlled,MB-2994,1,0.9666601563270344
0.25,controlled,MB-2994,2,0.9631589869041264
0.25,controlled,MB-2994,3,0.9588505493026186
0.25,controlled,MB-2994,4,0.9534670476269654
0.25,controlled,MB-3028,1,0.9680621829877026
0.25,controlled,MB-3028,2,0.964886068949248
0.25,controlled,MB-3028,3,0.9609745092722061
0.25,controlled,MB-3028,4,0.9560959819240925
0.25,controlled,MB-3104,1,0.9592000078474885
0.25,controlled,MB-3104,2,0.9543046091581657
0.25,controlled,MB-3104,3,0.9482571647726455
0.25,controlled,MB-3104,4,0.9406626896043373
0.25,controlled,MB-3383,1,0.9679007163697625
0.25,controlled,MB-3383,2,0.964684666167078
0.25,controlled,MB-3383,3,0.9607236331278293
0.25,controlled,MB-3383,4,0.9557840537468654
0.25,controlled,MB-3470,1,0.9700478131410833
0.25,controlled,MB-3470,2,0.967520445240931
0.25,controlled,MB-3470,3,0.9644094737172029
0.25,controlled,MB-3470,4,0.9605157530917011
0.25,controlled,MB-3614,1,0.9697580553450768
0.25,controlled,MB-3614,2,0.9670956010203235
0.25,controlled,MB-3614,3,0.9638182329200164
0.25,controlled,MB-3614,4,0.959718007780768
0.25,controlled,MB-3711,1,0.9605181128615469
0.25,controlled,MB-3711,2,0.9558536689795751
0.25,controlled,MB-3711,3,0.9500905541155241
0.25,controlled,MB-3711,4,0.9428655920357637
0.25,controlled,MB-4127,1,0.9702878366312011
0.25,controlled,MB-4127,2,0.9679354448935201
0.25,controlled,MB-4127,3,0.9650413639028819
0.25,controlled,MB-4127,4,0.9614184067170415
0.25,controlled,MB-4276,1,0.968595690869848
0.25,controlled,MB-4276,2,0.9655585033814835
0.25,controlled,MB-4276,3,0.9618188925759068
0.25,controlled,MB-4276,4,0.9571522047896747
0.25,controlled,MB-4350,1,0.965939295758683
0.25,controlled,MB-4350,2,0.9622846916405798
0.25,controlled,MB-4350,3,0.9577908481480244
0.25,controlled,MB-4350,4,0.9521655037191917
0.25,controlled,MB-4686,1,0.9690296675749216
0.25,controlled,MB-4686,2,0.966116383008308
0.25,controlled,MB-4686,3,0.9625298930956088
0.25,controlled,MB-4686,4,0.9580513593566491
0.25,controlled,MB-4750,1,0.9689380271003976
0.25,controlled,MB-4750,2,0.9659975161674259
0.25,controlled,MB-4750,3,0.9623774005194652
0.25,controlled,MB-4750,4,0.9578575890219677
0.25,controlled,MB-4763,1,0.967234187594251
0.25,controlled,MB-4763,2,0.9638608964175255
0.25,controlled,MB-4763,3,0.9597065774656065
0.25,controlled,MB-4763,4,0.9545243303892497
0.25,controlled,MB-4769,1,0.9689747037127383
0.25,controlled,MB-4769,2,0.9660450114427936
0.25,controlled,MB-4769,3,0.9624382587955754
0.25,controlled,MB-4769,4,0.957934854083792
0.25,controlled,MB-4931,1,0.96807631927863
0.25,controlled,MB-4931,2,0.9649037424452042
0.25,controlled,MB-4931,3,0.960996563796278
0.25,controlled,MB-4931,4,0.9561234406870602
0.25,controlled,MB-4952,1,0.969340173000308
0.25,controlled,MB-4952,2,0.9665247884213323
0.25,controlled,MB-4952,3,0.9630591009688407
0.25,controlled,MB-4952,4,0.9587286605666234
0.25,controlled,MB-5008,1,0.9702407633954023
0.25,controlled,MB-5008,2,0.9678409687520084
0.25,controlled,MB-5008,3,0.9648883984633884
0.25,controlled,MB-5008,4,0.9611925454305339
0.25,controlled,MB-5020,1,0.9692969874887366
0.25,controlled,MB-5020,2,0.9664673763440602
0.25,controlled,MB-5020,3,0.962984145276085
0.25,controlled,MB-5020,4,0.9586322176368016
0.25,controlled,MB-5058,1,0.9699706325052295
0.25,controlled,MB-5058,2,0.9674036154541825
0.25,controlled,MB-5058,3,0.9642434879317606
0.25,controlled,MB-5058,4,0.9602882438455579
0.25,controlled,MB-5062,1,0.9701123045336445
0.25,controlled,MB-5062,2,0.9676214177546136
0.25,controlled,MB-5062,3,0.9645558755406055
0.25,controlled,MB-5062,4,0.9607189658508343
0.25,controlled,MB-5124,1,0.969601330449539
0.25,controlled,MB-5124,2,0.9668776216077378
0.25,controlled,MB-5124,3,0.9635248861262607
0.25,controlled,MB-5124,4,0.9593326233941541
0.25,controlled,MB-5135,1,0.964010635860995
0.25,controlled,MB-5135,2,0.9599716456641624
0.25,controlled,MB-5135,3,0.9550109809064773
0.25,controlled,MB-5135,4,0.9487834359790531
0.25,controlled,MB-5144,1,0.9647279514971149
0.25,controlled,MB-5144,2,0.9608283383656051
0.25,controlled,MB-5144,3,0.9560374477355162
0.25,controlled,MB-5144,4,0.9500252605638287
0.25,controlled,MB-5171,1,0.9593479863499854
0.25,controlled,MB-5171,2,0.9544786094979002
0.25,controlled,MB-5171,3,0.948462879728002
0.25,controlled,MB-5171,4,0.9409096730815621
0.25,controlled,MB-5258,1,0.9693634643651193
0.25,controlled,MB-5258,2,0.9665558483933774
0.25,controlled,MB-5258,3,0.9630997391975238
0.25,controlled,MB-5258,4,0.9587810272725381
0.25,controlled,MB-5312,1,0.9703056169993651
0.25,controlled,MB-5312,2,0.9679764291662133
0.25,controlled,MB-5312,3,0.9651108947738353
0.25,controlled,MB-5312,4,0.9615234796068803
0.25,controlled,MB-5331,1,0.9671460569916543
0.25,controlled,MB-5331,2,0.963752739081613
0.25,controlled,MB-5331,3,0.9595743096238626
0.25,controlled,MB-5331,4,0.9543605651510733
0.25,controlled,MB-5332,1,0.9691019426846148
0.25,controlled,MB-5332,2,0.9662106129577208
0.25,controlled,MB-5332,3,0.962651229015581
0.25,controlled,MB-5332,4,0.9582059522198718
0.25,controlled,MB-5485,1,0.9702189436990545
0.25,controlled,MB-5485,2,0.9678009140341648
0.25,controlled,MB-5485,3,0.9648257864030366
0.25,controlled,MB-5485,4,0.9611017946191496
0.25,controlled,MB-5558,1,0.9680269964771344
0.25,controlled,MB-5558,2,0.9648421073904198
0.25,controlled,MB-5558,3,0.9609196786791352
0.25,controlled,MB-5558,4,0.9560277422817418
0.25,controlled,MB-6100,1,0.9691877561573378
0.25,controlled,MB-6100,2,0.9663231051606632
0.25,controlled,MB-6100,3,0.9627966479606294
0.25,controlled,MB-6100,4,0.9583917486076224
0.25,indeterminate,MB-0113,1,0.9683335750349455
0.25,indeterminate,MB-0113,2,0.9652266433621828
0.25,indeterminate,MB-0113,3,0.9614007420133752
0.25,indeterminate,MB-0113,4,0.956627814919915
0.25,indeterminate,MB-0120,1,0.9703303984771695
0.25,indeterminate,MB-0120,2,0.96814963324163
0.25,indeterminate,MB-0120,3,0.9654651667125551
0.25,indeterminate,MB-0120,4,0.9621025799539332
0.25,indeterminate,MB-0294,1,0.9645432221796599
0.25,indeterminate,MB-0294,2,0.9606073397587795
0.25,indeterminate,MB-0294,3,0.9557723827729846
0.25,indeterminate,MB-0294,4,0.9497041797786058
0.25,indeterminate,MB-0378,1,0.9702882462378556
0.25,indeterminate,MB-0378,2,0.9679363417794776
0.25,indeterminate,MB-0378,3,0.965042860852359
0.25,indeterminate,MB-0378,4,0.9614206510253784
0.25,indeterminate,MB-0469,1,0.9703394292179133
0.25,indeterminate,MB-0469,2,0.9681206769690616
0.25,indeterminate,MB-0469,3,0.9653901435257346
0.25,indeterminate,MB-0469,4,0.9619704629392098
0.25,indeterminate,MB-0502,1,0.9702490085039126
0.25,indeterminate,MB-0502,2,0.9678565857894582
0.25,indeterminate,MB-0502,3,0.964913126013908
0.25,indeterminate,MB-0502,4,0.9612286338148639
0.25,indeterminate,MB-2513,1,0.9686765175456772
0.25,indeterminate,MB-2513,2,0.9656615232401773
0.25,indeterminate,MB-2513,3,0.9619493564446119
0.25,indeterminate,MB-2513,4,0.9573164266999844
0.25,indeterminate,MB-2753,1,0.9666904974685153
0.25,indeterminate,MB-2753,2,0.9631959463602353
0.25,indeterminate,MB-2753,3,0.9588954944887704
0.25,indeterminate,MB-2753,4,0.9535224160331061
0.25,indeterminate,MB-2786,1,0.9703375368881166
0.25,indeterminate,MB-2786,2,0.9681320139141745
0.25,indeterminate,MB-2786,3,0.9654175468904218
0.25,indeterminate,MB-2786,4,0.9620177872396077
0.25,indeterminate,MB-2994,1,0.9685391679098684
0.25,indeterminate,MB-2994,2,0.9654866644661957
0.25,indeterminate,MB-2994,3,0.9617281098607053
0.25,indeterminate,MB-2994,4,0.9570381111990885
0.25,indeterminate,MB-3028,1,0.9694659188621617
0.25,indeterminate,MB-3028,2,0.9666933480245828
0.25,indeterminate,MB-3028,3,0.9632804324460017
0.25,indeterminate,MB-3028,4,0.9590145852722537
0.25,indeterminate,MB-3104,1,0.9628680948149049
0.25,indeterminate,MB-3104,2,0.9586195061860242
0.25,indeterminate,MB-3104,3,0.9533893626058209
0.25,indeterminate,MB-3104,4,0.9468277053899585
0.25,indeterminate,MB-3383,1,0.9693650398395156
0.25,indeterminate,MB-3383,2,0.9665579518613491
0.25,indeterminate,MB-3383,3,0.9631024936086635
0.25,indeterminate,MB-3383,4,0.9587845786830933
0.25,indeterminate,MB-3470,1,0.9703378467224504
0.25,indeterminate,MB-3470,2,0.9681306660298615
0.25,indeterminate,MB-3470,3,0.9654141871131149
0.25,indeterminate,MB-3470,4,0.9620119333999714
0.25,indeterminate,MB-3614,1,0.9703071126765889
0.25,indeterminate,MB-3614,2,0.967980116752713
0.25,indeterminate,MB-3614,3,0.9651172759448043
0.25,indeterminate,MB-3614,4,0.9615332131719109
0.25,indeterminate,MB-3711,1,0.9639126559382386
0.25,indeterminate,MB-3711,2,0.9598554423289775
0.25,indeterminate,MB-3711,3,0.9548713233189773
0.25,indeterminate,MB-3711,4,0.9486147375895074
0.25,indeterminate,MB-4127,1,0.9702058168709243
0.25,indeterminate,MB-4127,2,0.9681590032220726
0.25,indeterminate,MB-4127,3,0.965635175522989
0.25,indeterminate,MB-4127,4,0.9624710329550965
0.25,indeterminate,MB-4276,1,0.9697828906675833
0.25,indeterminate,MB-4276,2,0.9671307287330743
0.25,indeterminate,MB-4276,3,0.9638660156070553
0.25,indeterminate,MB-4276,4,0.9597812316649473
0.25,indeterminate,MB-4350,1,0.9680306857052268
0.25,indeterminate,MB-4350,2,0.9648467147170765
0.25,indeterminate,MB-4350,3,0.9609254232324391
0.25,indeterminate,MB-4350,4,0.9560348899231677
0.25,indeterminate,MB-4686,1,0.9700152874092354
0.25,indeterminate,MB-4686,2,0.9674708806897772
0.25,indeterminate,MB-4686,3,0.9643386586228545
0.25,indeterminate,MB-4686,4,0.9604183473720294
0.25,indeterminate,MB-4750,1,0.9699686034056916
0.25,indeterminate,MB-4750,2,0.9674005787896073
0.25,indeterminate,MB-4750,3,0.9642392147838176
0.25,indeterminate,MB-4750,4,0.9602824224475859
0.25,indeterminate,MB-4763,1,0.9689307882287597
0.25,indeterminate,MB-4763,2,0.9659881538485638
0.25,indeterminate,MB-4763,3,0.9623654151332561
0.25,indeterminate,MB-4763,4,0.9578423826562117
0.25,indeterminate,MB-4769,1,0.9699874166122391
0.25,indeterminate,MB-4769,2,0.9674288272423867
0.25,indeterminate,MB-4769,3,0.9642790410556021
0.25,indeterminate,MB-4769,4,0.9603367444961821
0.25,indeterminate,MB-4931,1,0.9694746551002286
0.25,indeterminate,MB-4931,2,0.966705143436422
0.25,indeterminate,MB-4931,3,0.963295997136193
0.25,indeterminate,MB-4931,4,0.9590347612058803
0.25,indeterminate,MB-4952,1,0.9701610652993121
0.25,indeterminate,MB-4952,2,0.9677009617099803
0.25,indeterminate,MB-4952,3,0.9646736745858798
0.25,indeterminate,MB-4952,4,0.9608845662956945
0.25,indeterminate,MB-5008,1,0.9702630823869042
0.25,indeterminate,MB-5008,2,0.9681724718059419
0.25,indeterminate,MB-5008,3,0.9655964546959817
0.25,indeterminate,MB-5008,4,0.9623679566355783
0.25,indeterminate,MB-5020,1,0.9701422335247648
0.25,indeterminate,MB-5020,2,0.9676698400745977
0.25,indeterminate,MB-5020,3,0.964627289028643
0.25,indeterminate,MB-5020,4,0.9608191120781415
0.25,indeterminate,MB-5058,1,0.9703395100674712
0.25,indeterminate,MB-5058,2,0.9680966827480956
0.25,indeterminate,MB-5058,3,0.9653368498172094
0.25,indeterminate,MB-5058,4,0.9618808170369906
0.25,indeterminate,MB-5062,1,0.9703276318086755
0.25,indeterminate,MB-5062,2,0.968153604540647
0.25,indeterminate,MB-5062,3,0.9654772873292193
0.25,indeterminate,MB-5062,4,0.9621247924413462
0.25,indeterminate,MB-5124,1,0.970261584520041
0.25,indeterminate,MB-5124,2,0.967881039185052
0.25,indeterminate,MB-5124,3,0.9649522469545848
0.25,indeterminate,MB-5124,4,0.9612860404050209
0.25,indeterminate,MB-5135,1,0.9666097749101451
0.25,indeterminate,MB-5135,2,0.9630976472077165
0.25,indeterminate,MB-5135,3,0.9587759850471459
0.25,indeterminate,MB-5135,4,0.9533752234673478
0.25,indeterminate,MB-5144,1,0.967146367975803
0.25,indeterminate,MB-5144,2,0.9637531204616873
0.25,indeterminate,MB-5144,3,0.9595747757717881
0.25,indeterminate,MB-5144,4,0.9543611420295304
0.25,indeterminate,MB-5171,1,0.9629860186695396
0.25,indeterminate,MB-5171,2,0.9587587923806196
0.25,indeterminate,MB-5171,3,0.9535560864326353
0.25,indeterminate,MB-5171,4,0.9470284905840357
0.25,indeterminate,MB-5258,1,0.9701709953209835
0.25,indeterminate,MB-5258,2,0.967717608802817
0.25,indeterminate,MB-5258,3,0.9646986590201972
0.25,indeterminate,MB-5258,4,0.9609199638238557
0.25,indeterminate,MB-5312,1,0.9701714919535304
0.25,indeterminate,MB-5312,2,0.9681462211028764
0.25,indeterminate,MB-5312,3,0.9656479349562479
0.25,indeterminate,MB-5312,4,0.9625152445379065
0.25,indeterminate,MB-5331,1,0.9688715826718405
0.25,indeterminate,MB-5331,2,0.9659117219165032
0.25,indeterminate,MB-5331,3,0.9622677009651802
0.25,indeterminate,MB-5331,4,0.9577185298148713
0.25,indeterminate,MB-5332,1,0.9700511874528618
0.25,indeterminate,MB-5332,2,0.9675256337572807
0.25,indeterminate,MB-5332,3,0.9644169236992252
0.25,indeterminate,MB-5332,4,0.9605260322338658
0.25,indeterminate,MB-5485,1,0.9702806699228248
0.25,indeterminate,MB-5485,2,0.9681732845794723
0.25,indeterminate,MB-5485,3,0.9655771889725268
0.25,indeterminate,MB-5485,4,0.962323901079268
0.25,indeterminate,MB-5558,1,0.9694441047317732
0.25,indeterminate,MB-5558,2,0.9666639461209819
0.25,indeterminate,MB-5558,3,0.9632416806328885
0.25,indeterminate,MB-5558,4,0.9589643936280333
0.25,indeterminate,MB-6100,1,0.9700923684937405
0.25,indeterminate,MB-6100,2,0.9675897638946085
0.25,indeterminate,MB-6100,3,0.9645096403394586
0.25,indeterminate,MB-6100,4,0.9606545013881657
0.25,progressing,MB-0113,1,0.9699082364305726
0.25,progressing,MB-0113,2,0.9673112394145402
0.25,progressing,MB-0113,3,0.9641143085718852
0.25,progressing,MB-0113,4,0.9601129679524819
0.25,progressing,MB-0120,1,0.9695309499196139
0.25,progressing,MB-0120,2,0.9677321426821652
0.25,progressing,MB-0120,3,0.9655030349478978
0.25,progressing,MB-0120,4,0.9626998790011237
0.25,progressing,MB-0294,1,0.9676525949503237
0.25,progressing,MB-0294,2,0.9643766979824105
0.25,progressing,MB-0294,3,0.9603414926955586
0.25,progressing,MB-0294,4,0.9553103014071417
0.25,progressing,MB-0378,1,0.9700234049900714
0.25,progressing,MB-0378,2,0.968071350995527
0.25,progressing,MB-0378,3,0.9656591879343426
0.25,progressing,MB-0378,4,0.9626323282763632
0.25,progressing,MB-0469,1,0.9696631946005407
0.25,progressing,MB-0469,2,0.9678302950446863
0.25,progressing,MB-0469,3,0.9655605152084894
0.25,progressing,MB-0469,4,0.962707810325992
0.25,progressing,MB-0502,1,0.9701041581495464
0.25,progressing,MB-0502,2,0.9681152210067953
0.25,progressing,MB-0502,3,0.9656598091804385
0.25,progressing,MB-0502,4,0.9625798478321219
0.25,progressing,MB-2513,1,0.970059547855917
0.25,progressing,MB-2513,2,0.9675385297758882
0.25,progressing,MB-2513,3,0.9644354724981948
0.25,progressing,MB-2513,4,0.9605516523227912
0.25,progressing,MB-2753,1,0.9690192015885661
0.25,progressing,MB-2753,2,0.9661027741544284
0.25,progressing,MB-2753,3,0.9625124033024763
0.25,progressing,MB-2753,4,0.9580291066740957
0.25,progressing,MB-2786,1,0.9696187027036682
0.25,progressing,MB-2786,2,0.9677976677605774
0.25,progressing,MB-2786,3,0.9655420505732738
0.25,progressing,MB-2786,4,0.962706609775165
0.25,progressing,MB-2994,1,0.9700008081155967
0.25,progressing,MB-2994,2,0.9674490573194542
0.25,progressing,MB-2994,3,0.9643076697828571
0.25,progressing,MB-2994,4,0.9603758867906117
0.25,progressing,MB-3028,1,0.9703117409450147
0.25,progressing,MB-3028,2,0.9679918516947587
0.25,progressing,MB-3028,3,0.9651377404485647
0.25,progressing,MB-3028,4,0.9615645408371445
0.25,progressing,MB-3104,1,0.966508134315439
0.25,progressing,MB-3104,2,0.96297401530852
0.25,progressing,MB-3104,3,0.9586258056903556
0.25,progressing,MB-3104,4,0.9531904004770712
0.25,progressing,MB-3383,1,0.9702907912485844
0.25,progressing,MB-3383,2,0.9679419565874875
0.25,progressing,MB-3383,3,0.9650522554116447
0.25,progressing,MB-3383,4,0.961434752894678
0.25,progressing,MB-3470,1,0.96962436862462
0.25,progressing,MB-3470,2,0.9678018464710352
0.25,progressing,MB-3470,3,0.965544454495262
0.25,progressing,MB-3470,4,0.9627068508577891
0.25,progressing,MB-3614,1,0.9699674487491775
0.25,progressing,MB-3614,2,0.9680378270118286
0.25,progressing,MB-3614,3,0.9656522715431048
0.25,progressing,MB-3614,4,0.9626580358521013
0.25,progressing,MB-3711,1,0.9672276901692723
0.25,progressing,MB-3711,2,0.9638529171667418
0.25,progressing,MB-3711,3,0.9596968145559774
0.25,progressing,MB-3711,4,0.9545122371902702
0.25,progressing,MB-4127,1,0.9689491926687488
0.25,progressing,MB-4127,2,0.967271124402073
0.25,progressing,MB-4127,3,0.9651854723389325
0.25,progressing,MB-4127,4,0.9625563284957424
0.25,progressing,MB-4276,1,0.9703393486969905
0.25,progressing,MB-4276,2,0.9681214331326637
0.25,progressing,MB-4276,3,0.9653919165278417
0.25,progressing,MB-4276,4,0.9619734970037241
0.25,progressing,MB-4350,1,0.9697619359516864
0.25,progressing,MB-4350,2,0.9671010778195434
0.25,progressing,MB-4350,3,0.9638256724824793
0.25,progressing,MB-4350,4,0.9597278424882627
0.25,progressing,MB-4686,1,0.9702965927514348
0.25,progressing,MB-4686,2,0.9681716070953882
0.25,progressing,MB-4686,3,0.9655543939487493
0.25,progressing,MB-4686,4,0.9622750155199444
0.25,progressing,MB-4750,1,0.9703119934694401
0.25,progressing,MB-4750,2,0.9681664055753243
0.25,progressing,MB-4750,3,0.9655244089048274
0.25,progressing,MB-4750,4,0.9622143878420161
0.25,progressing,MB-4763,1,0.9701590154365689
0.25,progressing,MB-4763,2,0.9676975465303561
0.25,progressing,MB-4763,3,0.9646685642975137
0.25,progressing,MB-4763,4,0.9608773386541986
0.25,progressing,MB-4769,1,0.970306297664295
0.25,progressing,MB-4769,2,0.9681688832737291
0.25,progressing,MB-4769,3,0.9655367270800856
0.25,progressing,MB-4769,4,0.9622388758063303
0.25,progressing,MB-4931,1,0.9703133317679266
0.25,progressing,MB-4931,2,0.9679960136059693
0.25,progressing,MB-4931,3,0.9651450591957065
0.25,progressing,MB-4931,4,0.9615757874108573
0.25,progressing,MB-4952,1,0.9702104700503862
0.25,progressing,MB-4952,2,0.9681605213036644
0.25,progressing,MB-4952,3,0.965632969311205
0.25,progressing,MB-4952,4,0.9624642381809703
0.25,progressing,MB-5008,1,0.9691599387868138
0.25,progressing,MB-5008,2,0.9674423142676911
0.25,progressing,MB-5008,3,0.9653097646421427
0.25,progressing,MB-5008,4,0.9626238658615759
0.25,progressing,MB-5020,1,0.9702261192758515
0.25,progressing,MB-5020,2,0.9681651677006684
0.25,progressing,MB-5020,3,0.9656245307299925
0.25,progressing,MB-5020,4,0.962439673259852
0.25,progressing,MB-5058,1,0.9697399615582742
0.25,progressing,MB-5058,2,0.9678854938910387
0.25,progressing,MB-5058,3,0.9655899462513494
0.25,progressing,MB-5058,4,0.9627058026880638
0.25,progressing,MB-5062,1,0.9695060399690865
0.25,progressing,MB-5062,2,0.9677132873786675
0.25,progressing,MB-5062,3,0.9654913952714997
0.25,progressing,MB-5062,4,0.9626970201647224
0.25,progressing,MB-5124,1,0.9700818555837318
0.25,progressing,MB-5124,2,0.9681037015316283
0.25,progressing,MB-5124,3,0.9656609630232804
0.25,progressing,MB-5124,4,0.9625965715246353
0.25,progressing,MB-5135,1,0.9689709126639315
0.25,progressing,MB-5135,2,0.9660400974193426
0.25,progressing,MB-5135,3,0.9624319577862278
0.25,progressing,MB-5135,4,0.957926850338705
0.25,progressing,MB-5144,1,0.9692854974704005
0.25,progressing,MB-5144,2,0.9664521385146352
0.25,progressing,MB-5144,3,0.9629642851497089
0.25,progressing,MB-5144,4,0.9586066950409771
0.25,progressing,MB-5171,1,0.9665902177450261
0.25,progressing,MB-5171,2,0.9630738466438507
0.25,progressing,MB-5171,3,0.9587470627811507
0.25,progressing,MB-5171,4,0.9533396170635122
0.25,progressing,MB-5258,1,0.9702014536846039
0.25,progressing,MB-5258,2,0.9681575281768682
0.25,progressing,MB-5258,3,0.965637129785576
0.25,progressing,MB-5258,4,0.9624772117971777
0.25,progressing,MB-5312,1,0.9688379039182097
0.25,progressing,MB-5312,2,0.9671793155000067
0.25,progressing,MB-5312,3,0.9651167224953615
0.25,progressing,MB-5312,4,0.9625154365679515
0.25,progressing,MB-5331,1,0.9701370556844152
0.25,progressing,MB-5331,2,0.9676613770597907
0.25,progressing,MB-5331,3,0.9646147437961831
0.25,progressing,MB-5331,4,0.9608014661108965
0.25,progressing,MB-5332,1,0.9702815527884999
0.25,progressing,MB-5332,2,0.9681732611458128
0.25,progressing,MB-5332,3,0.9655760793858222
0.25,progressing,MB-5332,4,0.9623214500031552
0.25,progressing,MB-5485,1,0.9692352658934829
0.25,progressing,MB-5485,2,0.9675025095937357
0.25,progressing,MB-5485,3,0.9653519937964261
0.25,progressing,MB-5485,4,0.9626443182340813
0.25,progressing,MB-5558,1,0.9703076060998749
0.25,progressing,MB-5558,2,0.9679813437818606
0.25,progressing,MB-5558,3,0.9651194043662377
0.25,progressing,MB-5558,4,0.9615364634032422
0.25,progressing,MB-6100,1,0.9702600223576403
0.25,progressing,MB-6100,2,0.9681721178276198
0.25,progressing,MB-6100,3,0.965599335187417
0.25,progressing,MB-6100,4,0.9623748289800713
0.5,controlled,MB-0113,1,0.9636456456951177
0.5,controlled,MB-0113,2,0.9595390244851223
0.5,controlled,MB-0113,3,0.9544913398926488
0.5,controlled,MB-0113,4,0.9481560094035785
0.5,controlled,MB-0120,1,0.9691866331369902
0.5,controlled,MB-0120,2,0.9663216284189333
0.5,controlled,MB-0120,3,0.9627947347420117
0.5,controlled,MB-0120,4,0.9583893002984839
0.5,controlled,MB-0294,1,0.9572089352359807
0.5,controlled,MB-0294,2,0.9519677740363037
0.5,controlled,MB-0294,3,0.9454981349415041
0.5,controlled,MB-0294,4,0.9373634705989048
0.5,controlled,MB-0378,1,0.9684073293616444
0.5,controlled,MB-0378,2,0.9653197042704577
0.5,controlled,MB-0378,3,0.9615176964950739
0.5,controlled,MB-0378,4,0.956774201085228
0.5,controlled,MB-0469,1,0.9690280535052328
0.5,controlled,MB-0469,2,0.9661142836618664
0.5,controlled,MB-0469,3,0.9625271945209094
0.5,controlled,MB-0469,4,0.9580479253988041
0.5,controlled,MB-0502,1,0.9681999846519792
0.5,controlled,MB-0502,2,0.9650586522455091
0.5,controlled,MB-0502,3,0.9611901650020385
0.5,controlled,MB-0502,4,0.9563647546602266
0.5,controlled,MB-2513,1,0.9643028192761574
0.5,controlled,MB-2513,2,0.960320099346155
0.5,controlled,MB-2513,3,0.9554282025795537
0.5,controlled,MB-2513,4,0.9492877519839491
0.5,controlled,MB-2753,1,0.9607273541333885
0.5,controlled,MB-2753,2,0.9560992950314983
0.5,controlled,MB-2753,3,0.9503827296302596
0.5,controlled,MB-2753,4,0.9432158155999478
0.5,controlled,MB-2786,1,0.9690842636529631
0.5,controlled,MB-2786,2,0.9661875219940504
0.5,controlled,MB-2786,3,0.962621457129817
0.5,controlled,MB-2786,4,0.9581679848077118
0.5,controlled,MB-2994,1,0.9640366227090552
0.5,controlled,MB-2994,2,0.9600024868797538
0.5,controlled,MB-2994,3,0.9550480424916482
0.5,controlled,MB-2994,4,0.9488282135140567
0.5,controlled,MB-3028,1,0.9659496612015408
0.5,controlled,MB-3028,2,0.9622972166856949
0.5,controlled,MB-3028,3,0.9578059862653089
0.5,controlled,MB-3028,4,0.9521840482385096
0.5,controlled,MB-3104,1,0.9545736615117095
0.5,controlled,MB-3104,2,0.9488884678201758
0.5,controlled,MB-3104,3,0.9418664429108194
0.5,controlled,MB-3104,4,0.933032730220203
0.5,controlled,MB-3383,1,0.9657238037108095
0.5,controlled,MB-3383,2,0.9620245745154494
0.5,controlled,MB-3383,3,0.9574767143641755
0.5,controlled,MB-3383,4,0.9517809671827007
0.5,controlled,MB-3470,1,0.9690772771991989
0.5,controlled,MB-3470,2,0.9661784044122159
0.5,controlled,MB-3470,3,0.9626097085721412
0.5,controlled,MB-3470,4,0.9581530085552488
0.5,controlled,MB-3614,1,0.9685307036480945
0.5,controlled,MB-3614,2,0.9654759204806322
0.5,controlled,MB-3614,3,0.9617145458758279
0.5,controlled,MB-3614,4,0.9570210765245065
0.5,controlled,MB-3711,1,0.9562088648164393
0.5,controlled,MB-3711,2,0.9507966384845339
0.5,controlled,MB-3711,3,0.9441176305865039
0.5,controlled,MB-3711,4,0.9357161976105675
0.5,controlled,MB-4127,1,0.9696727995570049
0.5,controlled,MB-4127,2,0.9669763010889026
0.5,controlled,MB-4127,3,0.9636570559549126
0.5,controlled,MB-4127,4,0.9595057073300612
0.5,controlled,MB-4276,1,0.9667113755855388
0.5,controlled,MB-4276,2,0.9632213870119942
0.5,controlled,MB-4276,3,0.9589264397641717
0.5,controlled,MB-4276,4,0.9535605464281822
0.5,controlled,MB-4350,1,0.9630833478692993
0.5,controlled,MB-4350,2,0.9588737963345402
0.5,controlled,MB-4350,3,0.9536937963647336
0.5,controlled,MB-4350,4,0.9471943808990266
0.5,controlled,MB-4686,1,0.967355134322572
0.5,controlled,MB-4686,2,0.9640095882104495
0.5,controlled,MB-4686,3,0.9598886557345625
0.5,controlled,MB-4686,4,0.9547500315935477
0.5,controlled,MB-4750,1,0.9672168396725654
0.5,controlled,MB-4750,2,0.9638395939915432
0.5,controlled,MB-4750,3,0.9596805149229087
0.5,controlled,MB-4750,4,0.9544920489731891
0.5,controlled,MB-4763,1,0.9648083399067947
0.5,controlled,MB-4763,2,0.9609245896085068
0.5,controlled,MB-4763,3,0.9561529647335304
0.5,controlled,MB-4763,4,0.95016584410727
0.5,controlled,MB-4769,1,0.9672720155052912
0.5,controlled,MB-4769,2,0.9639073688058118
0.5,controlled,MB-4769,3,0.9597634540510904
0.5,controlled,MB-4769,4,0.9545948002071442
0.5,controlled,MB-4931,1,0.9659695253192263
0.5,controlled,MB-4931,2,0.9623212228807705
0.5,controlled,MB-4931,3,0.9578350040157975
0.5,controlled,MB-4931,4,0.9522195992220202
0.5,controlled,MB-4952,1,0.9678362452979336
0.5,controlled,MB-4952,2,0.9646044760677007
0.5,controlled,MB-4952,3,0.9606239651327246
0.5,controlled,MB-4952,4,0.955660337375461
0.5,controlled,MB-5008,1,0.9695268894109782
0.5,controlled,MB-5008,2,0.9667759243114498
0.5,controlled,MB-5008,3,0.9633896254369301
0.5,controlled,MB-5008,4,0.9591563336294382
0.5,controlled,MB-5020,1,0.9677679777128824
0.5,controlled,MB-5020,2,0.9645196960182243
0.5,controlled,MB-5020,3,0.9605187210773081
0.5,controlled,MB-5020,4,0.9555298203132696
0.5,controlled,MB-5058,1,0.9689231230653021
0.5,controlled,MB-5058,2,0.9659782443609933
0.5,controlled,MB-5058,3,0.962352733180285
0.5,controlled,MB-5058,4,0.9578262961155629
0.5,controlled,MB-5062,1,0.9692138461967954
0.5,controlled,MB-5062,2,0.966357448819598
0.5,controlled,MB-5062,3,0.9628411755768654
0.5,controlled,MB-5062,4,0.9584487598799951
0.5,controlled,MB-5124,1,0.9682616001467881
0.5,controlled,MB-5124,2,0.9651360466204472
0.5,controlled,MB-5124,3,0.9612870944903109
0.5,controlled,MB-5124,4,0.9564857636137842
0.5,controlled,MB-5135,1,0.9605903736528115
0.5,controlled,MB-5135,2,0.9559384831052555
0.5,controlled,MB-5135,3,0.9501914268816946
0.5,controlled,MB-5135,4,0.9429864924980291
0.5,controlled,MB-5144,1,0.9615098351301765
0.5,controlled,MB-5144,2,0.9570188456628111
0.5,controlled,MB-5144,3,0.9514777789114908
0.5,controlled,MB-5144,4,0.9445295275142505
0.5,controlled,MB-5171,1,0.9547570998416363
0.5,controlled,MB-5171,2,0.9491020811428884
0.5,controlled,MB-5171,3,0.942118648942421
0.5,controlled,MB-5171,4,0.9333332143059061
0.5,controlled,MB-5258,1,0.9678732766392366
0.5,controlled,MB-5258,2,0.9646505210475276
0.5,controlled,MB-5258,3,0.9606811795069884
0.5,controlled,MB-5258,4,0.9557313428522604
0.5,controlled,MB-5312,1,0.9697396974604372
0.5,controlled,MB-5312,2,0.9670697501963389
0.5,controlled,MB-5312,3,0.9637831675529925
0.5,controlled,MB-5312,4,0.9596716967821675
0.5,controlled,MB-5331,1,0.964688986944057
0.5,controlled,MB-5331,2,0.9607817026643815
0.5,controlled,MB-5331,3,0.9559814936715837
0.5,controlled,MB-5331,4,0.9499573734689085
0.5,controlled,MB-5332,1,0.9674652733364715
0.5,controlled,MB-5332,2,0.9641452715273683
0.5,controlled,MB-5332,3,0.9600553799779079
0.5,controlled,MB-5332,4,0.9549565844849878
0.5,controlled,MB-5485,1,0.9694675699571461
0.5,controlled,MB-5485,2,0.9666955763787394
0.5,controlled,MB-5485,3,0.9632833720694074
0.5,controlled,MB-5485,4,0.9590183950696358
0.5,controlled,MB-5558,1,0.9659002827022513
0.5,controlled,MB-5558,2,0.9622375613602164
0.5,controlled,MB-5558,3,0.957733895344903
0.5,controlled,MB-5558,4,0.9520957468055592
0.5,controlled,MB-6100,1,0.9675973990697673
0.5,controlled,MB-6100,2,0.9643084157890126
0.5,controlled,MB-6100,3,0.9602569866475997
0.5,controlled,MB-6100,4,0.9552057443371452
0.5,indeterminate,MB-0113,1,0.9683109946565978
0.5,indeterminate,MB-0113,2,0.9651981981403038
0.5,indeterminate,MB-0113,3,0.9613650375667967
0.5,indeterminate,MB-0113,4,0.9565831665431407
0.5,indeterminate,MB-0120,1,0.970331944529688
0.5,indeterminate,MB-0120,2,0.9681469762639808
0.5,indeterminate,MB-0120,3,0.9654574229271853
0.5,indeterminate,MB-0120,4,0.9620885355608755
0.5,indeterminate,MB-0294,1,0.9645039946431686
0.5,indeterminate,MB-0294,2,0.9605604421823775
0.5,indeterminate,MB-0294,3,0.9557161633678638
0.5,indeterminate,MB-0294,4,0.9496361333921426
0.5,indeterminate,MB-0378,1,0.9702844856766575
0.5,indeterminate,MB-0378,2,0.9679281740928625
0.5,indeterminate,MB-0378,3,0.9650292650799007
0.5,indeterminate,MB-0378,4,0.9614002943725349
0.5,indeterminate,MB-0469,1,0.9703397566797931
0.5,indeterminate,MB-0469,2,0.9681167608533511
0.5,indeterminate,MB-0469,3,0.9653810686318631
0.5,indeterminate,MB-0469,4,0.9619549896702875
0.5,indeterminate,MB-0502,1,0.9702440569035106
0.5,indeterminate,MB-0502,2,0.9678471712556868
0.5,indeterminate,MB-0502,3,0.9648981966313604
0.5,indeterminate,MB-0502,4,0.9612068276730631
0.5,indeterminate,MB-2513,1,0.9686559684535625
0.5,indeterminate,MB-2513,2,0.9656352981048454
0.5,indeterminate,MB-2513,3,0.9619161130210077
0.5,indeterminate,MB-2513,4,0.957274551718972
0.5,indeterminate,MB-2753,1,0.9666598251872714
0.5,indeterminate,MB-2753,2,0.9631585836118975
0.5,indeterminate,MB-2753,3,0.9588500589449666
0.5,indeterminate,MB-2753,4,0.9534664436318446
0.5,indeterminate,MB-2786,1,0.9703382859810723
0.5,indeterminate,MB-2786,2,0.9681285338769119
0.5,indeterminate,MB-2786,3,0.9654089333986008
0.5,indeterminate,MB-2786,4,0.9620028097236301
0.5,indeterminate,MB-2994,1,0.9685177839157539
0.5,indeterminate,MB-2994,2,0.965459527795279
0.5,indeterminate,MB-2994,3,0.9616938570364013
0.5,indeterminate,MB-2994,4,0.9569950999322318
0.5,indeterminate,MB-3028,1,0.9694510027220758
0.5,indeterminate,MB-3028,2,0.9666732357420521
0.5,indeterminate,MB-3028,3,0.9632539174305391
0.5,indeterminate,MB-3028,4,0.9589802365765406
0.5,indeterminate,MB-3104,1,0.9628229683682913
0.5,indeterminate,MB-3104,2,0.9585662197660495
0.5,indeterminate,MB-3104,3,0.9533255971906749
0.5,indeterminate,MB-3104,4,0.9467509288034118
0.5,indeterminate,MB-3383,1,0.9693492938319126
0.5,indeterminate,MB-3383,2,0.9665369432066956
0.5,indeterminate,MB-3383,3,0.9630749965904306
0.5,indeterminate,MB-3383,4,0.9587491370458452
0.5,indeterminate,MB-3470,1,0.9703385428221443
0.5,indeterminate,MB-3470,2,0.9681271312079058
0.5,indeterminate,MB-3470,3,0.9654055156784167
0.5,indeterminate,MB-3470,4,0.9619968936542507
0.5,indeterminate,MB-3614,1,0.9703040961283967
0.5,indeterminate,MB-3614,2,0.9679727260556251
0.5,indeterminate,MB-3614,3,0.9651045094374434
0.5,indeterminate,MB-3614,4,0.9615137557950301
0.5,indeterminate,MB-3711,1,0.9638711493742176
0.5,indeterminate,MB-3711,2,0.9598062313135169
0.5,indeterminate,MB-3711,3,0.9548121978087645
0.5,indeterminate,MB-3711,4,0.9485433337302102
0.5,indeterminate,MB-4127,1,0.9702118619489504
0.5,indeterminate,MB-4127,2,0.9681609639317689
0.5,indeterminate,MB-4127,3,0.965632283908372
0.5,indeterminate,MB-4127,4,0.9624621628528436
0.5,indeterminate,MB-4276,1,0.969770954099672
0.5,indeterminate,MB-4276,2,0.9671138223856449
0.5,indeterminate,MB-4276,3,0.9638429990080706
0.5,indeterminate,MB-4276,4,0.959750759995919
0.5,indeterminate,MB-4350,1,0.9680064404531721
0.5,indeterminate,MB-4350,2,0.9648164440478824
0.5,indeterminate,MB-4350,3,0.9608876888430163
0.5,indeterminate,MB-4350,4,0.9559879465163692
0.5,indeterminate,MB-4686,1,0.9700060648810609
0.5,indeterminate,MB-4686,2,0.9674569643217776
0.5,indeterminate,MB-4686,3,0.9643188847163403
0.5,indeterminate,MB-4686,4,0.9603912422279843
0.5,indeterminate,MB-4750,1,0.9699588357857054
0.5,indeterminate,MB-4750,2,0.9673859937391275
0.5,indeterminate,MB-4750,3,0.9642187173952982
0.5,indeterminate,MB-4750,4,0.9602545215398304
0.5,indeterminate,MB-4763,1,0.9689118755047169
0.5,indeterminate,MB-4763,2,0.9659637112593629
0.5,indeterminate,MB-4763,3,0.9623341412255072
0.5,indeterminate,MB-4763,4,0.957802719600662
0.5,indeterminate,MB-4769,1,0.9699778971218109
0.5,indeterminate,MB-4769,2,0.9674145070757112
0.5,indeterminate,MB-4769,3,0.9642588303778236
0.5,indeterminate,MB-4769,4,0.9603091590780498
0.5,indeterminate,MB-4931,1,0.9694598130043417
0.5,indeterminate,MB-4931,2,0.9666851110594681
0.5,indeterminate,MB-4931,3,0.9632695695793257
0.5,indeterminate,MB-4931,4,0.9590005097525361
0.5,indeterminate,MB-4952,1,0.9701541749308917
0.5,indeterminate,MB-4952,2,0.9676895095680642
0.5,indeterminate,MB-4952,3,0.9646565581801743
0.5,indeterminate,MB-4952,4,0.9608603744031289
0.5,indeterminate,MB-5008,1,0.9702676207077968
0.5,indeterminate,MB-5008,2,0.9681728913139063
0.5,indeterminate,MB-5008,3,0.965591948665661
0.5,indeterminate,MB-5008,4,0.96235737086105
0.5,indeterminate,MB-5020,1,0.9701349976220964
0.5,indeterminate,MB-5020,2,0.9676580237392409
0.5,indeterminate,MB-5020,3,0.9646097807291346
0.5,indeterminate,MB-5020,4,0.9607944915525884
0.5,indeterminate,MB-5058,1,0.9703390776451521
0.5,indeterminate,MB-5058,2,0.9680919795827851
0.5,indeterminate,MB-5058,3,0.9653269410946511
0.5,indeterminate,MB-5058,4,0.96186444661749
0.5,indeterminate,MB-5062,1,0.9703293965646403
0.5,indeterminate,MB-5062,2,0.9681511731546042
0.5,indeterminate,MB-5062,3,0.9654697816598077
0.5,indeterminate,MB-5062,4,0.9621110032237764
0.5,indeterminate,MB-5124,1,0.9702569796339139
0.5,indeterminate,MB-5124,2,0.9678719879959408
0.5,indeterminate,MB-5124,3,0.9649377065663607
0.5,indeterminate,MB-5124,4,0.9612646574752078
0.5,indeterminate,MB-5135,1,0.9665787505327499
0.5,indeterminate,MB-5135,2,0.9630598940179373
0.5,indeterminate,MB-5135,3,0.9587301101201482
0.5,indeterminate,MB-5135,4,0.9533187492756405
0.5,indeterminate,MB-5144,1,0.9671177473365227
0.5,indeterminate,MB-5144,2,0.9637180290163383
0.5,indeterminate,MB-5144,3,0.9595318919499899
0.5,indeterminate,MB-5144,4,0.9543080794270142
0.5,indeterminate,MB-5171,1,0.9629412924473595
0.5,indeterminate,MB-5171,2,0.9587059571666707
0.5,indeterminate,MB-5171,3,0.9534928353669467
0.5,indeterminate,MB-5171,4,0.9469523102621297
0.5,indeterminate,MB-5258,1,0.9701642946334924
0.5,indeterminate,MB-5258,2,0.9677063564504563
0.5,indeterminate,MB-5258,3,0.9646817574720654
0.5,indeterminate,MB-5258,4,0.9608960067865425
0.5,indeterminate,MB-5312,1,0.9701782913711157
0.5,indeterminate,MB-5312,2,0.9681489514681704
0.5,indeterminate,MB-5312,3,0.9656458477203175
0.5,indeterminate,MB-5312,4,0.9625072270950445
0.5,indeterminate,MB-5331,1,0.9688522771886384
0.5,indeterminate,MB-5331,2,0.965886851975045
0.5,indeterminate,MB-5331,3,0.9622359554219091
0.5,indeterminate,MB-5331,4,0.9576783377112741
0.5,indeterminate,MB-5332,1,0.9700424788931186
0.5,indeterminate,MB-5332,2,0.9675122616978086
0.5,indeterminate,MB-5332,3,0.9643977379697497
0.5,indeterminate,MB-5332,4,0.9604995732001462
0.5,indeterminate,MB-5485,1,0.9702846404969179
0.5,indeterminate,MB-5485,2,0.9681731220014395
0.5,indeterminate,MB-5485,3,0.9655720719052671
0.5,indeterminate,MB-5485,4,0.962312664412851
0.5,indeterminate,MB-5558,1,0.9694290052893191
0.5,indeterminate,MB-5558,2,0.9666436359745822
0.5,indeterminate,MB-5558,3,0.9632149489937544
0.5,indeterminate,MB-5558,4,0.958929804007068
0.5,indeterminate,MB-6100,1,0.9700842913678485
0.5,indeterminate,MB-6100,2,0.967577059588186
0.5,indeterminate,MB-6100,3,0.964491175271183
0.5,indeterminate,MB-6100,4,0.960628832973957
0.5,progressing,MB-0113,1,0.9703279658988098
0.5,progressing,MB-0113,2,0.968153168864978
0.5,progressing,MB-0113,3,0.965475920992771
0.5,progressing,MB-0113,4,0.9621222737285209
0.5,progressing,MB-0120,1,0.9673294020042346
0.5,progressing,MB-0120,2,0.9658776414680806
0.5,progressing,MB-0120,3,0.9640584770072601
0.5,progressing,MB-0120,4,0.9617493413369254
0.5,progressing,MB-0294,1,0.9695519000684278
0.5,progressing,MB-0294,2,0.9668099789424033
0.5,progressing,MB-0294,3,0.9634348186287002
0.5,progressing,MB-0294,4,0.9592151458335071
0.5,progressing,MB-0378,1,0.968445358077016
0.5,progressing,MB-0378,2,0.966849412348998
0.5,progressing,MB-0378,3,0.96486081257185
0.5,progressing,MB-0378,4,0.96234870344244
0.5,progressing,MB-0469,1,0.9676071987792452
0.5,progressing,MB-0469,2,0.9661230170350903
0.5,progressing,MB-0469,3,0.9642658535912779
0.5,progressing,MB-0469,4,0.9619113437191584
0.5,progressing,MB-0502,1,0.968661465769162
0.5,progressing,MB-0502,2,0.9670320968300419
0.5,progressing,MB-0502,3,0.9650040477678592
0.5,progressing,MB-0502,4,0.9624444352187203
0.5,progressing,MB-2513,1,0.9702816565581949
0.5,progressing,MB-2513,2,0.9681732579261974
0.5,progressing,MB-2513,3,0.9655759479359171
0.5,progressing,MB-2513,4,0.9623211601749756
0.5,progressing,MB-2753,1,0.9701839586595982
0.5,progressing,MB-2753,2,0.9677396181865386
0.5,progressing,MB-2753,3,0.9647318905554088
0.5,progressing,MB-2753,4,0.9609672087321289
0.5,progressing,MB-2786,1,0.9675124958155378
0.5,progressing,MB-2786,2,0.9660395785358473
0.5,progressing,MB-2786,3,0.9641956236873759
0.5,progressing,MB-2786,4,0.9618568954350515
0.5,progressing,MB-2994,1,0.970304982429707
0.5,progressing,MB-2994,2,0.9681693518464851
0.5,progressing,MB-2994,3,0.9655393418512335
0.5,progressing,MB-2994,4,0.9622441442897735
0.5,progressing,MB-3028,1,0.969961004041383
0.5,progressing,MB-3028,2,0.9680338240777168
0.5,progressing,MB-3028,3,0.965651198262321
0.5,progressing,MB-3028,4,0.9626605525066971
0.5,progressing,MB-3104,1,0.9688906175604027
0.5,progressing,MB-3104,2,0.9659362682475101
0.5,progressing,MB-3104,3,0.9622990569015467
0.5,progressing,MB-3104,4,0.9577582502749981
0.5,progressing,MB-3383,1,0.9700262745689084
0.5,progressing,MB-3383,2,0.9680730025159301
0.5,progressing,MB-3383,3,0.9656594157302912
0.5,progressing,MB-3383,4,0.9626308094366384
0.5,progressing,MB-3470,1,0.9675244813629466
0.5,progressing,MB-3470,2,0.966050151009606
0.5,progressing,MB-3470,3,0.9642045395714149
0.5,progressing,MB-3470,4,0.9618638325776715
0.5,progressing,MB-3614,1,0.9683038333445726
0.5,progressing,MB-3614,2,0.9667285702316104
0.5,progressing,MB-3614,3,0.9647643481975844
0.5,progressing,MB-3614,4,0.9622815470898898
0.5,progressing,MB-3711,1,0.9693157249182358
0.5,progressing,MB-3711,2,0.9664922587881855
0.5,progressing,MB-3711,3,0.9630166059812116
0.5,progressing,MB-3711,4,0.9586739609497841
0.5,progressing,MB-4127,1,0.9661994382493191
0.5,progressing,MB-4127,2,0.9648637740202858
0.5,progressing,MB-4127,3,0.963180274164285
0.5,progressing,MB-4127,4,0.9610324905655089
0.5,progressing,MB-4276,1,0.9696743825165399
0.5,progressing,MB-4276,2,0.9678384298015692
0.5,progressing,MB-4276,3,0.965565004039249
0.5,progressing,MB-4276,4,0.9627078530407873
0.5,progressing,MB-4350,1,0.9703399983013992
0.5,progressing,MB-4350,2,0.9681104100202289
0.5,progressing,MB-4350,3,0.9653666987063495
0.5,progressing,MB-4350,4,0.9619306718950261
0.5,progressing,MB-4686,1,0.9693285827421849
0.5,progressing,MB-4686,2,0.9675762245459597
0.5,progressing,MB-4686,3,0.965402413688784
0.5,progressing,MB-4686,4,0.9626664742124819
0.5,progressing,MB-4750,1,0.9694126023416635
0.5,progressing,MB-4750,2,0.9676416775146087
0.5,progressing,MB-4750,3,0.965445779608184
0.5,progressing,MB-4750,4,0.9626830129750046
0.5,progressing,MB-4763,1,0.9702181560345938
0.5,progressing,MB-4763,2,0.9681628962348158
0.5,progressing,MB-4763,3,0.9656290309102656
0.5,progressing,MB-4763,4,0.9624525199657978
0.5,progressing,MB-4769,1,0.9693797831352372
0.5,progressing,MB-4769,2,0.9676162220539106
0.5,progressing,MB-4769,3,0.9654290867266534
0.5,progressing,MB-4769,4,0.9626769665620152
0.5,progressing,MB-4931,1,0.9699548951635705
0.5,progressing,MB-4931,2,0.9680300083370813
0.5,progressing,MB-4931,3,0.965650133522133
0.5,progressing,MB-4931,4,0.9626628583914691
0.5,progressing,MB-4952,1,0.9689853641428371
0.5,progressing,MB-4952,2,0.9673007688309069
0.5,progressing,MB-4952,3,0.9652073851341304
0.5,progressing,MB-4952,4,0.9625688935191733
0.5,progressing,MB-5008,1,0.9665955880787209
0.5,progressing,MB-5008,2,0.9652216767796442
0.5,progressing,MB-5008,3,0.9634935467230412
0.5,progressing,MB-5008,4,0.9612927884688756
0.5,progressing,MB-5020,1,0.969039428155431
0.5,progressing,MB-5020,2,0.9673448842710942
0.5,progressing,MB-5020,3,0.9652397108129112
0.5,progressing,MB-5020,4,0.9625869581949111
0.5,progressing,MB-5058,1,0.9677740506919735
0.5,progressing,MB-5058,2,0.9662694429618524
0.5,progressing,MB-5058,3,0.9643883109175748
0.5,progressing,MB-5058,4,0.9620051375595498
0.5,progressing,MB-5062,1,0.9672782307431684
0.5,progressing,MB-5062,2,0.965832245120703
0.5,progressing,MB-5062,3,0.9640198434678046
0.5,progressing,MB-5062,4,0.9617187745992091
0.5,progressing,MB-5124,1,0.9685998915410102
0.5,progressing,MB-5124,2,0.9669802919240614
0.5,progressing,MB-5124,3,0.9649637806150717
0.5,progressing,MB-5124,4,0.9624180711015925
0.5,progressing,MB-5135,1,0.9701667847890668
0.5,progressing,MB-5135,2,0.9677105287449579
0.5,progressing,MB-5135,3,0.9646880177151502
0.5,progressing,MB-5135,4,0.9609048748388599
0.5,progressing,MB-5144,1,0.9702669351660209
0.5,progressing,MB-5144,2,0.9678917137818587
0.5,progressing,MB-5144,3,0.9649694916967161
0.5,progressing,MB-5144,4,0.9613114740263394
0.5,progressing,MB-5171,1,0.9689404446866827
0.5,progressing,MB-5171,2,0.9660006437852775
0.5,progressing,MB-5171,3,0.9623814052137472
0.5,progressing,MB-5171,4,0.9578626706849177
0.5,progressing,MB-5258,1,0.9689552127033173
0.5,progressing,MB-5258,2,0.96727606508524
0.5,progressing,MB-5258,3,0.9651891346571473
0.5,progressing,MB-5258,4,0.962558445478663
0.5,progressing,MB-5312,1,0.9659946928652529
0.5,progressing,MB-5312,2,0.9646779352208883
0.5,progressing,MB-5312,3,0.9630164775635148
0.5,progressing,MB-5312,4,0.9608948217221669
0.5,progressing,MB-5331,1,0.9702355718584754
0.5,progressing,MB-5331,2,0.9681675856749976
0.5,progressing,MB-5331,3,0.9656185713247716
0.5,progressing,MB-5331,4,0.9624233853937735
0.5,progressing,MB-5332,1,0.9692573258946482
0.5,progressing,MB-5332,2,0.9675200252127518
0.5,progressing,MB-5332,3,0.965364110989325
0.5,progressing,MB-5332,4,0.9626498883169566
0.5,progressing,MB-5485,1,0.9667403182688185
0.5,progressing,MB-5485,2,0.9653518292812414
0.5,progressing,MB-5485,3,0.9636066732529267
0.5,progressing,MB-5485,4,0.961385679129599
0.5,progressing,MB-5558,1,0.9699759066380147
0.5,progressing,MB-5558,2,0.9680430441833433
0.5,progressing,MB-5558,3,0.9656535999460152
0.5,progressing,MB-5558,4,0.9626545983750523
0.5,progressing,MB-6100,1,0.9691663862874486
0.5,progressing,MB-6100,2,0.9674474889871721
0.5,progressing,MB-6100,3,0.9653134287270221
0.5,progressing,MB-6100,4,0.9626256996352814
0.75,controlled,MB-0113,1,0.9593919486809064
0.75,controlled,MB-0113,2,0.9545303122848167
0.75,controlled,MB-0113,3,0.9485240146147229
0.75,controlled,MB-0113,4,0.9409830832437499
0.75,controlled,MB-0120,1,0.9672307147172381
0.75,controlled,MB-0120,2,0.9638566313962101
0.75,controlled,MB-0120,3,0.9597013589548313
0.75,controlled,MB-0120,4,0.9545178661739119
0.75,controlled,MB-0294,1,0.9510676035213996
0.75,controlled,MB-0294,2,0.944810710398147
0.75,controlled,MB-0294,3,0.937067373721243
0.75,controlled,MB-0294,4,0.9273180758223363
0.75,controlled,MB-0378,1,0.9660033431244023
0.75,controlled,MB-0378,2,0.9623621029444195
0.75,controlled,MB-0378,3,0.95788442798385
0.75,controlled,MB-0378,4,0.9522801618192397
0.75,controlled,MB-0469,1,0.9669719049299668
0.75,controlled,MB-0469,2,0.9635394543221277
0.75,controlled,MB-0469,3,0.9593138844766913
0.75,controlled,MB-0469,4,0.9540385705417038
0.75,controlled,MB-0502,1,0.9656912171523572
0.75,controlled,MB-0502,2,0.961985283502903
0.75,controlled,MB-0502,3,0.9574293044427379
0.75,controlled,MB-0502,4,0.9517229776680505
0.75,controlled,MB-2513,1,0.9602635372933309
0.75,controlled,MB-2513,2,0.9555549659676812
0.75,controlled,MB-2513,3,0.9497364366461178
0.75,controlled,MB-2513,4,0.9424400508294425
0.75,controlled,MB-2753,1,0.9555875293808503
0.75,controlled,MB-2753,2,0.9500697526947237
0.75,controlled,MB-2753,3,0.9432614171247858
0.75,controlled,MB-2753,4,0.9346951999923784
0.75,controlled,MB-2786,1,0.9670629706922349
0.75,controlled,MB-2786,2,0.9636509119276631
0.75,controlled,MB-2786,3,0.959449911261432
0.75,controlled,MB-2786,4,0.9542066845506494
0.75,controlled,MB-2994,1,0.9599090036215031
0.75,controlled,MB-2994,2,0.9551387540677798
0.75,controlled,MB-2994,3,0.9492437539258504
0.75,controlled,MB-2994,4,0.9418477326717472
0.75,controlled,MB-3028,1,0.9624911561772951
0.75,controlled,MB-3028,2,0.958174650119523
0.75,controlled,MB-3028,3,0.9528573142000867
0.75,controlled,MB-3028,4,0.946187355075805
0.75,controlled,MB-3104,1,0.9477224869758292
0.75,controlled,MB-3104,2,0.9409191244201334
0.75,controlled,MB-3104,3,0.9325003638418128
0.75,controlled,MB-3104,4,0.9218897439342741
0.75,controlled,MB-3383,1,0.9621817620504768
0.75,controlled,MB-3383,2,0.9578098997602844
0.75,controlled,MB-3383,3,0.9524215420047365
0.75,controlled,MB-3383,4,0.9456633007663243
0.75,controlled,MB-3470,1,0.9670516136442575
0.75,controlled,MB-3470,2,0.9636370033981423
0.75,controlled,MB-3470,3,0.9594329291131203
0.75,controlled,MB-3470,4,0.9541856880002015
0.75,controlled,MB-3614,1,0.9661913764123159
0.75,controlled,MB-3614,2,0.9625896539762221
0.75,controlled,MB-3614,3,0.9581597682673662
0.75,controlled,MB-3614,4,0.9526178163838593
0.75,controlled,MB-3711,1,0.9497933348443037
0.75,controlled,MB-3711,2,0.9433298521802241
0.75,controlled,MB-3711,3,0.9353287894233344
0.75,controlled,MB-3711,4,0.9252508044978799
0.75,controlled,MB-4127,1,0.968073840460279
0.75,controlled,MB-4127,2,0.964900642878474
0.75,controlled,MB-4127,3,0.9609926954084455
0.75,controlled,MB-4127,4,0.9561186239413212
0.75,controlled,MB-4276,1,0.963546798544773
0.75,controlled,MB-4276,2,0.9594219769200079
0.75,controlled,MB-4276,3,0.9543508852297473
0.75,controlled,MB-4276,4,0.9479865442422735
0.75,controlled,MB-4350,1,0.9586519736178352
0.75,controlled,MB-4350,2,0.953660625743342
0.75,controlled,MB-4350,3,0.9474961659500751
0.75,controlled,MB-4350,4,0.9397503401399073
0.75,controlled,MB-4686,1,0.9644576196077682
0.75,controlled,MB-4686,2,0.9605050135583605
0.75,controlled,MB-4686,3,0.9556497301204107
0.75,controlled,MB-4686,4,0.9495557376485184
0.75,controlled,MB-4750,1,0.964260204443992
0.75,controlled,MB-4750,2,0.9602692227379319
0.75,controlled,MB-4750,3,0.9553672784169369
0.75,controlled,MB-4750,4,0.949214077652316
0.75,controlled,MB-4763,1,0.9609410384396633
0.75,controlled,MB-4763,2,0.9563502491734918
0.75,controlled,MB-4763,3,0.9506813810453256
0.75,controlled,MB-4763,4,0.9435739252647263
0.75,controlled,MB-4769,1,0.9643388416651789
0.75,controlled,MB-4769,2,0.9603631148284114
0.75,controlled,MB-4769,3,0.9554797218219023
0.75,controlled,MB-4769,4,0.9493500620239737
0.75,controlled,MB-4931,1,0.9625184387771919
0.75,controlled,MB-4931,2,0.9582068305097589
0.75,controlled,MB-4931,3,0.9528957803417982
0.75,controlled,MB-4931,4,0.946233631784438
0.75,controlled,MB-4952,1,0.9651535383023999
0.75,controlled,MB-4952,2,0.9613384900710819
0.75,controlled,MB-4952,3,0.9566502532436617
0.75,controlled,MB-4952,4,0.9507716649565103
0.75,controlled,MB-5008,1,0.9678106182712438
0.75,controlled,MB-5008,2,0.964572634777823
0.75,controlled,MB-5008,3,0.9605844228156187
0.75,controlled,MB-5008,4,0.9556112851581827
0.75,controlled,MB-5020,1,0.9650538293009765
0.75,controlled,MB-5020,2,0.9612188358769329
0.75,controlled,MB-5020,3,0.9565063991508429
0.75,controlled,MB-5020,4,0.9505963077169408
0.75,controlled,MB-5058,1,0.9668036810338979
0.75,controlled,MB-5058,2,0.9633339479453799
0.75,controlled,MB-5058,3,0.9590634328554102
0.75,controlled,MB-5058,4,0.9537294336238012
0.75,controlled,MB-5062,1,0.9672757524487647
0.75,controlled,MB-5062,2,0.963911961337095
0.75,controlled,MB-5062,3,0.9597690762387302
0.75,controlled,MB-5062,4,0.954601767702212
0.75,controlled,MB-5124,1,0.9657834970038712
0.75,controlled,MB-5124,2,0.9620965784932575
0.75,controlled,MB-5124,3,0.9575636238993093
0.75,controlled,MB-5124,4,0.9518873013631873
0.75,controlled,MB-5135,1,0.9554107794149326
0.75,controlled,MB-5135,2,0.9498635444416554
0.75,controlled,MB-5135,3,0.9430180424276133
0.75,controlled,MB-5135,4,0.9344050724472528
0.75,controlled,MB-5144,1,0.9565998487395707
0.75,controlled,MB-5144,2,0.9512543202579328
0.75,controlled,MB-5144,3,0.9446569799712111
0.75,controlled,MB-5144,4,0.9363596045380864
0.75,controlled,MB-5171,1,0.9479544077783537
0.75,controlled,MB-5171,2,0.9411889767194278
0.75,controlled,MB-5171,3,0.9328168694668582
0.75,controlled,MB-5171,4,0.9222657363343557
0.75,controlled,MB-5258,1,0.9652077725538845
0.75,controlled,MB-5258,2,0.9614036089648069
0.75,controlled,MB-5258,3,0.956728575585128
0.75,controlled,MB-5258,4,0.9508671775288904
0.75,controlled,MB-5312,1,0.9681986530031325
0.75,controlled,MB-5312,2,0.9650569811803418
0.75,controlled,MB-5312,3,0.9611880736866047
0.75,controlled,MB-5312,4,0.9563621452560231
0.75,controlled,MB-5331,1,0.9607806443723056
0.75,controlled,MB-5331,2,0.9561618690848103
0.75,controlled,MB-5331,3,0.950457183466581
0.75,controlled,MB-5331,4,0.9433050805035874
0.75,controlled,MB-5332,1,0.9646156221817801
0.75,controlled,MB-5332,2,0.9606939248272337
0.75,controlled,MB-5332,3,0.9558762050860649
0.75,controlled,MB-5332,4,0.9498298706740578
0.75,controlled,MB-5485,1,0.9677065205782631
0.75,controlled,MB-5485,2,0.9644434853195035
0.75,controlled,MB-5485,3,0.9604242236937386
0.75,controlled,MB-5485,4,0.9554127327931828
0.75,controlled,MB-5558,1,0.9624233878909569
0.75,controlled,MB-5558,2,0.958094727772748
0.75,controlled,MB-5558,3,0.9527617948585969
0.75,controlled,MB-5558,4,0.946072453192111
0.75,controlled,MB-6100,1,0.9648061453531411
0.75,controlled,MB-6100,2,0.9609219613510631
0.75,controlled,MB-6100,3,0.9561498097925384
0.75,controlled,MB-6100,4,0.9501620038596996
0.75,indeterminate,MB-0113,1,0.9679722137266449
0.75,indeterminate,MB-0113,2,0.9647737439801316
0.75,indeterminate,MB-0113,3,0.9608344920798558
0.75,indeterminate,MB-0113,4,0.9559217968476826
0.75,indeterminate,MB-0120,1,0.9703392134842929
0.75,indeterminate,MB-0120,2,0.9680933234456159
0.75,indeterminate,MB-0120,3,0.965329757644408
0.75,indeterminate,MB-0120,4,0.9618690913183273
0.75,indeterminate,MB-0294,1,0.963924038141172
0.75,indeterminate,MB-0294,2,0.9598689388862016
0.75,indeterminate,MB-0294,3,0.9548875408881616
0.75,indeterminate,MB-0294,4,0.9486343246843872
0.75,indeterminate,MB-0378,1,0.9702160312544303
0.75,indeterminate,MB-0378,2,0.9677956875193016
0.75,indeterminate,MB-0378,3,0.9648176951302516
0.75,indeterminate,MB-0378,4,0.9610901287818863
0.75,indeterminate,MB-0469,1,0.970329655754911
0.75,indeterminate,MB-0469,2,0.9680451151738746
0.75,indeterminate,MB-0469,3,0.9652343391250165
0.75,indeterminate,MB-0469,4,0.961715031213276
0.75,indeterminate,MB-0502,1,0.9701585766544653
0.75,indeterminate,MB-0502,2,0.9676968164100508
0.75,indeterminate,MB-0502,3,0.9646674724466067
0.75,indeterminate,MB-0502,4,0.9608757949578853
0.75,indeterminate,MB-2513,1,0.9683465055765578
0.75,indeterminate,MB-2513,2,0.9652429419283254
0.75,indeterminate,MB-2513,3,0.9614212091572449
0.75,indeterminate,MB-2513,4,0.9566534176258839
0.75,indeterminate,MB-2753,1,0.966203994014197
0.75,indeterminate,MB-2753,2,0.9626049390076284
0.75,indeterminate,MB-2753,3,0.9581782778636101
0.75,indeterminate,MB-2753,4,0.9526405313345789
0.75,indeterminate,MB-2786,1,0.9703341962634271
0.75,indeterminate,MB-2786,2,0.9680631209954869
0.75,indeterminate,MB-2786,3,0.9652688135208988
0.75,indeterminate,MB-2786,4,0.9617699702104469
0.75,indeterminate,MB-2994,1,0.9681962740929878
0.75,indeterminate,MB-2994,2,0.9650539960892597
0.75,indeterminate,MB-2994,3,0.9611843380455426
0.75,indeterminate,MB-2994,4,0.9563574843212371
0.75,indeterminate,MB-3028,1,0.9692226879360692
0.75,indeterminate,MB-3028,2,0.9663691035564453
0.75,indeterminate,MB-3028,3,0.9628563009214686
0.75,indeterminate,MB-3028,4,0.958468139036035
0.75,indeterminate,MB-3104,1,0.962157254858858
0.75,indeterminate,MB-3104,2,0.9577810220216598
0.75,indeterminate,MB-3104,3,0.9523870585403399
0.75,indeterminate,MB-3104,4,0.9456218467941014
0.75,indeterminate,MB-3383,1,0.9691090388014929
0.75,indeterminate,MB-3383,2,0.9662198891810353
0.75,indeterminate,MB-3383,3,0.9626631963912008
0.75,indeterminate,MB-3383,4,0.9582212205784448
0.75,indeterminate,MB-3470,1,0.9703336976508108
0.75,indeterminate,MB-3470,2,0.9680609353744537
0.75,indeterminate,MB-3470,3,0.9652645658448608
0.75,indeterminate,MB-3470,4,0.9617631606162701
0.75,indeterminate,MB-3614,1,0.9702462716131567
0.75,indeterminate,MB-3614,2,0.9678513684421535
0.75,indeterminate,MB-3614,3,0.9649048437994169
0.75,indeterminate,MB-3614,4,0.961216529957052
0.75,indeterminate,MB-3711,1,0.9632580753470694
0.75,indeterminate,MB-3711,2,0.9590803552598205
0.75,indeterminate,MB-3711,3,0.9539412584794497
0.75,indeterminate,MB-3711,4,0.9474925915432729
0.75,indeterminate,MB-4127,1,0.9702831682570775
0.75,indeterminate,MB-4127,2,0.9681731996835836
0.75,indeterminate,MB-4127,3,0.9655740078445361
0.75,indeterminate,MB-4127,4,0.9623168957193643
0.75,indeterminate,MB-4276,1,0.9695854659224822
0.75,indeterminate,MB-4276,2,0.9668558610537624
0.75,indeterminate,MB-4276,3,0.9634958665806
0.75,indeterminate,MB-4276,4,0.9592947323769533
0.75,indeterminate,MB-4350,1,0.9676436095167228
0.75,indeterminate,MB-4350,2,0.964365576871502
0.75,indeterminate,MB-4350,3,0.9603277239837659
0.75,indeterminate,MB-4350,4,0.955293260835317
0.75,indeterminate,MB-4686,1,0.9698606416762633
0.75,indeterminate,MB-4686,2,0.9672419981302293
0.75,indeterminate,MB-4686,3,0.9640184790898434
0.75,indeterminate,MB-4686,4,0.9599839330384458
0.75,indeterminate,MB-4750,1,0.9698044787983485
0.75,indeterminate,MB-4750,2,0.9671614176853356
0.75,indeterminate,MB-4750,3,0.963907892265544
0.75,indeterminate,MB-4750,4,0.959836756105441
0.75,indeterminate,MB-4763,1,0.9686260099254898
0.75,indeterminate,MB-4763,2,0.965597106057711
0.75,indeterminate,MB-4763,3,0.961867739587835
0.75,indeterminate,MB-4763,4,0.9572136547964353
0.75,indeterminate,MB-4769,1,0.9698270991794384
0.75,indeterminate,MB-4769,2,0.9671937381474459
0.75,indeterminate,MB-4769,3,0.9639521348257414
0.75,indeterminate,MB-4769,4,0.9598955391174101
0.75,indeterminate,MB-4931,1,0.9692325633203663
0.75,indeterminate,MB-4931,2,0.9663821305073109
0.75,indeterminate,MB-4931,3,0.9628732160236007
0.75,indeterminate,MB-4931,4,0.9584898194078335
0.75,indeterminate,MB-4952,1,0.9700409558112083
0.75,indeterminate,MB-4952,2,0.9675099291847165
0.75,indeterminate,MB-4952,3,0.9643943962391947
0.75,indeterminate,MB-4952,4,0.9604949687913982
0.75,indeterminate,MB-5008,1,0.9703174960667108
0.75,indeterminate,MB-5008,2,0.9681631527647436
0.75,indeterminate,MB-5008,3,0.9655106033680576
0.75,indeterminate,MB-5008,4,0.9621875274669803
0.75,indeterminate,MB-5020,1,0.9700168315972678
0.75,indeterminate,MB-5020,2,0.9674732164424097
0.75,indeterminate,MB-5020,3,0.9643419820399209
0.75,indeterminate,MB-5020,4,0.9604229068663243
0.75,indeterminate,MB-5058,1,0.970318139656061
0.75,indeterminate,MB-5058,2,0.9680090811879515
0.75,indeterminate,MB-5058,3,0.9651682631450874
0.75,indeterminate,MB-5058,4,0.9616116012411665
0.75,indeterminate,MB-5062,1,0.9703397817746372
0.75,indeterminate,MB-5062,2,0.9681007427784248
0.75,indeterminate,MB-5062,3,0.9653455253881784
0.75,indeterminate,MB-5062,4,0.9618952211366109
0.75,indeterminate,MB-5124,1,0.9701764568090362
0.75,indeterminate,MB-5124,2,0.9677268413600452
0.75,indeterminate,MB-5124,3,0.9647125706477253
0.75,indeterminate,MB-5124,4,0.9609397187075746
0.75,indeterminate,MB-5135,1,0.966117817781589
0.75,indeterminate,MB-5135,2,0.9625005844857087
0.75,indeterminate,MB-5135,3,0.9580519452348378
0.75,indeterminate,MB-5135,4,0.9524855374942769
0.75,indeterminate,MB-5144,1,0.96669162954743
0.75,indeterminate,MB-5144,2,0.9631973256582864
0.75,indeterminate,MB-5144,3,0.9588971720648207
0.75,indeterminate,MB-5144,4,0.9535244829412751
0.75,indeterminate,MB-5171,1,0.9622814010120155
0.75,indeterminate,MB-5171,2,0.9579273292346099
0.75,indeterminate,MB-5171,3,0.9525617923515612
0.75,indeterminate,MB-5171,4,0.9458319243591853
0.75,indeterminate,MB-5258,1,0.9700537907055633
0.75,indeterminate,MB-5258,2,0.967529643032318
0.75,indeterminate,MB-5258,3,0.9644226854684039
0.75,indeterminate,MB-5258,4,0.9605339863455813
0.75,indeterminate,MB-5312,1,0.970260321163994
0.75,indeterminate,MB-5312,2,0.9681721547988261
0.75,indeterminate,MB-5312,3,0.9655990592497041
0.75,indeterminate,MB-5312,4,0.9623741668819055
0.75,indeterminate,MB-5331,1,0.9685607495463425
0.75,indeterminate,MB-5331,2,0.9655140749271871
0.75,indeterminate,MB-5331,3,0.9617627301956565
0.75,indeterminate,MB-5331,4,0.9570816043162714
0.75,indeterminate,MB-5332,1,0.9699040538537184
0.75,indeterminate,MB-5332,2,0.9673051155297465
0.75,indeterminate,MB-5332,3,0.9641058007047058
0.75,indeterminate,MB-5332,4,0.960101473165218
0.75,indeterminate,MB-5485,1,0.9703264366585425
0.75,indeterminate,MB-5485,2,0.9681550798257598
0.75,indeterminate,MB-5485,3,0.9654819905311058
0.75,indeterminate,MB-5485,4,0.9621334923085668
0.75,indeterminate,MB-5558,1,0.9691980535768069
0.75,indeterminate,MB-5558,2,0.966336651904535
0.75,indeterminate,MB-5558,3,0.9628142041230601
0.75,indeterminate,MB-5558,4,0.9584142198472735
0.75,indeterminate,MB-6100,1,0.9699544781226104
0.75,indeterminate,MB-6100,2,0.9673795039781959
0.75,indeterminate,MB-6100,3,0.9642096107475895
0.75,indeterminate,MB-6100,4,0.9602421377525426
0.75,progressing,MB-0113,1,0.96971735171978
0.75,progressing,MB-0113,2,0.9678693921094758
0.75,progressing,MB-0113,3,0.9655816227667172
0.75,progressing,MB-0113,4,0.9627069731069919
0.75,progressing,MB-0120,1,0.9640770397707112
0.75,progressing,MB-0120,2,0.9629157264738379
0.75,progressing,MB-0120,3,0.9614351585029204
0.75,progressing,MB-0120,4,0.9595338488942889
0.75,progressing,MB-0294,1,0.9702839733206035
0.75,progressing,MB-0294,2,0.9679270724427217
0.75,progressing,MB-0294,3,0.9650274374660884
0.75,progressing,MB-0294,4,0.961397562479201
0.75,progressing,MB-0378,1,0.9658468773620141
0.75,progressing,MB-0378,2,0.9645434373643578
0.75,progressing,MB-0378,3,0.9628974989790179
0.75,progressing,MB-0378,4,0.9607942254589944
0.75,progressing,MB-0469,1,0.9645082218531497
0.75,progressing,MB-0469,2,0.9633148218093738
0.75,progressing,MB-0469,3,0.9617969460798577
0.75,progressing,MB-0469,4,0.9598471430144048
0.75,progressing,MB-0502,1,0.9662044374864869
0.75,progressing,MB-0502,2,0.9648683046442412
0.75,progressing,MB-0502,3,0.9631842582991761
0.75,progressing,MB-0502,4,0.9610358266265446
0.75,progressing,MB-2513,1,0.9694841176731422
0.75,progressing,MB-2513,2,0.9676966080146755
0.75,progressing,MB-2513,3,0.9654809623222301
0.75,progressing,MB-2513,4,0.9626941862348243
0.75,progressing,MB-2753,1,0.9702675899299548
0.75,progressing,MB-2753,2,0.9681728889150447
0.75,progressing,MB-2753,3,0.965591980214194
0.75,progressing,MB-2753,4,0.9623574443153706
0.75,progressing,MB-2786,1,0.9643606538856527
0.75,progressing,MB-2786,2,0.9631783953199011
0.75,progressing,MB-2786,3,0.9616734747519905
0.75,progressing,MB-2786,4,0.9597404708790781
0.75,progressing,MB-2994,1,0.9695849662078752
0.75,progressing,MB-2994,2,0.9677726510360793
0.75,progressing,MB-2994,3,0.965527436980239
0.75,progressing,MB-2994,4,0.9627046704174812
0.75,progressing,MB-3028,1,0.9686137675675643
0.75,progressing,MB-3028,2,0.9669919843818973
0.75,progressing,MB-3028,3,0.9649728947457973
0.75,progressing,MB-3028,4,0.9624240790330619
0.75,progressing,MB-3104,1,0.9700283789230316
0.75,progressing,MB-3104,2,0.9674907361816064
0.75,progressing,MB-3104,3,0.9643669524168689
0.75,progressing,MB-3104,4,0.9604572011401834
0.75,progressing,MB-3383,1,0.9687633385629049
0.75,progressing,MB-3383,2,0.967117332270529
0.75,progressing,MB-3383,3,0.9650696206366376
0.75,progressing,MB-3383,4,0.9624862961840209
0.75,progressing,MB-3470,1,0.9643792959628855
0.75,progressing,MB-3470,2,0.9631956393359021
0.75,progressing,MB-3470,3,0.9616890931783111
0.75,progressing,MB-3470,4,0.9597539790633185
0.75,progressing,MB-3614,1,0.9656159597071273
0.75,progressing,MB-3614,2,0.9643328043963548
0.75,progressing,MB-3614,3,0.9627104938145946
0.75,progressing,MB-3614,4,0.9606351865174315
0.75,progressing,MB-3711,1,0.9702078828776325
0.75,progressing,MB-3711,2,0.9677811951279642
0.75,progressing,MB-3711,3,0.9647953465553114
0.75,progressing,MB-3711,4,0.961057976370624
0.75,progressing,MB-4127,1,0.9623661761676933
0.75,progressing,MB-4127,2,0.9613200903313033
0.75,progressing,MB-4127,3,0.9599739425185179
0.75,progressing,MB-4127,4,0.9582496285107504
0.75,progressing,MB-4276,1,0.9680141131456491
0.75,progressing,MB-4276,2,0.9664786805965363
0.75,progressing,MB-4276,3,0.9645613340357861
0.75,progressing,MB-4276,4,0.9621347886674283
0.75,progressing,MB-4350,1,0.9698783982028709
0.75,progressing,MB-4350,2,0.9679806496777038
0.75,progressing,MB-4350,3,0.9656333082241425
0.75,progressing,MB-4350,4,0.9626858649750634
0.75,progressing,MB-4686,1,0.9673613452092724
0.75,progressing,MB-4686,2,0.9659059499865198
0.75,progressing,MB-4686,3,0.9640825282094332
0.75,progressing,MB-4686,4,0.9617683130120148
0.75,progressing,MB-4750,1,0.9675152868228191
0.75,progressing,MB-4750,2,0.9660420408078636
0.75,progressing,MB-4750,3,0.9641977005822374
0.75,progressing,MB-4750,4,0.9618585120237579
0.75,progressing,MB-4763,1,0.9692658161314279
0.75,progressing,MB-4763,2,0.9675267521329626
0.75,progressing,MB-4763,3,0.9653687428552561
0.75,progressing,MB-4763,4,0.962651978883574
0.75,progressing,MB-4769,1,0.967454857339257
0.75,progressing,MB-4769,2,0.9659886861519104
0.75,progressing,MB-4769,3,0.964152638523186
0.75,progressing,MB-4769,4,0.961823353015641
0.75,progressing,MB-4931,1,0.9686000557510104
0.75,progressing,MB-4931,2,0.9669804303536118
0.75,progressing,MB-4931,3,0.9649638886051358
0.75,progressing,MB-4931,4,0.9624181424224943
0.75,progressing,MB-4952,1,0.966754117761741
0.75,progressing,MB-4952,2,0.9653642206194485
0.75,progressing,MB-4952,3,0.96361741946356
0.75,progressing,MB-4952,4,0.961394469257568
0.75,progressing,MB-5008,1,0.9629592638033815
0.75,progressing,MB-5008,2,0.9618751841975512
0.75,progressing,MB-5008,3,0.960484419682492
0.75,progressing,MB-5008,4,0.9587013980427976
0.75,progressing,MB-5020,1,0.9668478263883302
0.75,progressing,MB-5020,2,0.9654482797915717
0.75,progressing,MB-5020,3,0.9636902029925106
0.75,progressing,MB-5020,4,0.9614538420273349
0.75,progressing,MB-5058,1,0.9647697844420425
0.75,progressing,MB-5058,2,0.9635562019262037
0.75,progressing,MB-5058,3,0.9620148549675055
0.75,progressing,MB-5058,4,0.9600352068387761
0.75,progressing,MB-5062,1,0.9639981498812288
0.75,progressing,MB-5062,2,0.9628425578220323
0.75,progressing,MB-5062,3,0.9613686414994351
0.75,progressing,MB-5062,4,0.9594760158334322
0.75,progressing,MB-5124,1,0.9661018984713967
0.75,progressing,MB-5124,2,0.9647753099240164
0.75,progressing,MB-5124,3,0.9631023924559333
0.75,progressing,MB-5124,4,0.9609671555593451
0.75,progressing,MB-5135,1,0.9702788301456162
0.75,progressing,MB-5135,2,0.9681733111834806
0.75,progressing,MB-5135,3,0.965579451902412
0.75,progressing,MB-5135,4,0.9623289259051407
0.75,progressing,MB-5144,1,0.9701819696250451
0.75,progressing,MB-5144,2,0.9681503907882063
0.75,progressing,MB-5144,3,0.9656446348786175
0.75,progressing,MB-5144,4,0.9625027491383148
0.75,progressing,MB-5171,1,0.9700515358552231
0.75,progressing,MB-5171,2,0.9675261700083578
0.75,progressing,MB-5171,3,0.9644176940967154
0.75,progressing,MB-5171,4,0.9605270955488352
0.75,progressing,MB-5258,1,0.966702126121757
0.75,progressing,MB-5258,2,0.96531751761523
0.75,progressing,MB-5258,3,0.9635768946592743
0.75,progressing,MB-5258,4,0.9613612896972823
0.75,progressing,MB-5312,1,0.9620620150921119
0.75,progressing,MB-5312,2,0.961034710967732
0.75,progressing,MB-5312,3,0.9597145647428353
0.75,progressing,MB-5312,4,0.9580155940445129
0.75,progressing,MB-5331,1,0.9693207361272625
0.75,progressing,MB-5331,2,0.9675700655536486
0.75,progressing,MB-5331,3,0.9653982612338246
0.75,progressing,MB-5331,4,0.9626647575279415
0.75,progressing,MB-5332,1,0.967232629775711
0.75,progressing,MB-5332,2,0.9657917420730234
0.75,progressing,MB-5332,3,0.963985309048559
0.75,progressing,MB-5332,4,0.9616913575382777
0.75,progressing,MB-5485,1,0.963177601979102
0.75,progressing,MB-5485,2,0.9620790460103067
0.75,progressing,MB-5485,3,0.9606714454456644
0.75,progressing,MB-5485,4,0.9588660686000993
0.75,progressing,MB-5558,1,0.9686474534562809
0.75,progressing,MB-5558,2,0.9670203260036527
0.75,progressing,MB-5558,3,0.9649949246977657
0.75,progressing,MB-5558,4,0.962438503412465
0.75,progressing,MB-6100,1,0.967070536279326
0.75,progressing,MB-6100,2,0.9656474164107343
0.75,progressing,MB-6100,3,0.9638617760391401
0.75,progressing,MB-6100,4,0.9615926034999196
1.0,controlled,MB-0113,1,0.9528892560605289
1.0,controlled,MB-0113,2,0.9469282996146862
1.0,controlled,MB-0113,3,0.9395553219470796
1.0,controlled,MB-0113,4,0.9302791816341416
1.0,controlled,MB-0120,1,0.9637328304842806
1.0,controlled,MB-0120,2,0.9596423021493284
1.0,controlled,MB-0120,3,0.9546153181012247
1.0,controlled,MB-0120,4,0.9483056374590286
1.0,controlled,MB-0294,1,0.94194751907187
1.0,controlled,MB-0294,2,0.9342220770123563
1.0,controlled,MB-0294,3,0.9246477295452564
1.0,controlled,MB-0294,4,0.9125697597789262
1.0,controlled,MB-0378,1,0.9619377184681118
1.0,controlled,MB-0378,2,0.9575224233965629
1.0,controlled,MB-0378,3,0.952078368832433
1.0,controlled,MB-0378,4,0.9452508552655094
1.0,controlled,MB-0469,1,0.9633481940214639
1.0,controlled,MB-0469,2,0.9591869440427694
1.0,controlled,MB-0469,3,0.9540690167022022
1.0,controlled,MB-0469,4,0.9476466062415807
1.0,controlled,MB-0502,1,0.9614909667485496
1.0,controlled,MB-0502,2,0.9569966521012374
1.0,controlled,MB-0502,3,0.9514513252991231
1.0,controlled,MB-0502,4,0.9444977697352421
1.0,controlled,MB-2513,1,0.9540553134418907
1.0,controlled,MB-2513,2,0.9482850131133249
1.0,controlled,MB-2513,3,0.9411541899195324
1.0,controlled,MB-2513,4,0.9321843234807556
1.0,controlled,MB-2753,1,0.9478521859550728
1.0,controlled,MB-2753,2,0.9410700322705512
1.0,controlled,MB-2753,3,0.9326773583479694
1.0,controlled,MB-2753,4,0.9221000009207324
1.0,controlled,MB-2786,1,0.963483096407739
1.0,controlled,MB-2786,2,0.9593465703572259
1.0,controlled,MB-2786,3,0.9542604283580819
1.0,controlled,MB-2786,4,0.947877430310597
1.0,controlled,MB-2994,1,0.9535812415392705
1.0,controlled,MB-2994,2,0.9477333006458954
1.0,controlled,MB-2994,3,0.9405032858870784
1.0,controlled,MB-2994,4,0.9314092244047483
1.0,controlled,MB-3028,1,0.9570553111030649
1.0,controlled,MB-3028,2,0.951787770890677
1.0,controlled,MB-3028,3,0.9452858658045844
1.0,controlled,MB-3028,4,0.9371100896892718
1.0,controlled,MB-3104,1,0.9376035987032934
1.0,controlled,MB-3104,2,0.9291873713384393
1.0,controlled,MB-3104,3,0.9187536811042425
1.0,controlled,MB-3104,4,0.9055846699874108
1.0,controlled,MB-3383,1,0.9566356751440425
1.0,controlled,MB-3383,2,0.9512962695914512
1.0,controlled,MB-3383,3,0.9447064242560421
1.0,controlled,MB-3383,4,0.9364185985747832
1.0,controlled,MB-3470,1,0.963466247251797
1.0,controlled,MB-3470,2,0.9593266285962346
1.0,controlled,MB-3470,3,0.9542365102454795
1.0,controlled,MB-3470,4,0.9478485824260843
1.0,controlled,MB-3614,1,0.9622084904915212
1.0,controlled,MB-3614,2,0.9578413972101821
1.0,controlled,MB-3614,3,0.9524591565299478
1.0,controlled,MB-3614,4,0.9457085212414513
1.0,controlled,MB-3711,1,0.9402907839323763
1.0,controlled,MB-3711,2,0.9323032278925604
1.0,controlled,MB-3711,3,0.9224006691253628
1.0,controlled,MB-3711,4,0.9099043163599427
1.0,controlled,MB-4127,1,0.9650181474832821
1.0,controlled,MB-4127,2,0.9611760368511402
1.0,controlled,MB-4127,3,0.9564549629074778
1.0,controlled,MB-4127,4,0.9505336288684229
1.0,controlled,MB-4276,1,0.9584962822473648
1.0,controlled,MB-4276,2,0.9534777916580289
1.0,controlled,MB-4276,3,0.9472802088854783
1.0,controlled,MB-4276,4,0.939492180807592
1.0,controlled,MB-4350,1,0.951902110641102
1.0,controlled,MB-4350,2,0.9457805224000866
1.0,controlled,MB-4350,3,0.9382065158162057
1.0,controlled,MB-4350,4,0.9286731894699384
1.0,controlled,MB-4686,1,0.9597534484118752
1.0,controlled,MB-4686,2,0.9549556359938599
1.0,controlled,MB-4686,3,0.9490270799176527
1.0,controlled,MB-4686,4,0.9415873561245164
1.0,controlled,MB-4750,1,0.9594796904731053
1.0,controlled,MB-4750,2,0.9546335163398746
1.0,controlled,MB-4750,3,0.9486460577456691
1.0,controlled,MB-4750,4,0.9411296467100944
1.0,controlled,MB-4763,1,0.9549629152713
1.0,controlled,MB-4763,2,0.9493417891854778
1.0,controlled,MB-4763,3,0.9424017157454361
1.0,controlled,MB-4763,4,0.933670509673412
1.0,controlled,MB-4769,1,0.9595886465874942
1.0,controlled,MB-4769,2,0.9547616986861368
1.0,controlled,MB-4769,3,0.948797660654305
1.0,controlled,MB-4769,4,0.9413117377171352
1.0,controlled,MB-4931,1,0.9570923687434099
1.0,controlled,MB-4931,2,0.9518311882439952
1.0,controlled,MB-4931,3,0.9453370628351655
1.0,controlled,MB-4931,4,0.937171199217204
1.0,controlled,MB-4952,1,0.9607283738439417
1.0,controlled,MB-4952,2,0.9561004923216233
1.0,controlled,MB-4952,3,0.9503841541461571
1.0,controlled,MB-4952,4,0.9432175234210546
1.0,controlled,MB-5008,1,0.9646106532266039
1.0,controlled,MB-5008,2,0.9606879811111442
1.0,controlled,MB-5008,3,0.9558690769822964
1.0,controlled,MB-5008,4,0.9498212400011918
1.0,controlled,MB-5020,1,0.9605878255322209
1.0,controlled,MB-5020,2,0.9559354921045538
1.0,controlled,MB-5020,3,0.9501878693042309
1.0,controlled,MB-5020,4,0.9429822283491217
1.0,controlled,MB-5058,1,0.9631001544778982
1.0,controlled,MB-5058,2,0.9588936590184132
1.0,controlled,MB-5058,3,0.9537175854836748
1.0,controlled,MB-5058,4,0.9472230424605165
1.0,controlled,MB-5062,1,0.963800170751565
1.0,controlled,MB-5062,2,0.9597220984637411
1.0,controlled,MB-5062,3,0.9547111393727726
1.0,controlled,MB-5062,4,0.9484213110734633
1.0,controlled,MB-5124,1,0.9616227137483061
1.0,controlled,MB-5124,2,0.9571516388316784
1.0,controlled,MB-5124,3,0.9516360883781236
1.0,controlled,MB-5124,4,0.9447196032537949
1.0,controlled,MB-5135,1,0.9476201490601879
1.0,controlled,MB-5135,2,0.9408000586808675
1.0,controlled,MB-5135,3,0.9323607211387354
1.0,controlled,MB-5135,4,0.9217238642465017
1.0,controlled,MB-5144,1,0.9491834073229863
1.0,controlled,MB-5144,2,0.9426195310995664
1.0,controlled,MB-5144,3,0.9344951693871376
1.0,controlled,MB-5144,4,0.9242599488659796
1.0,controlled,MB-5171,1,0.9379041167879897
1.0,controlled,MB-5171,2,0.9295352586921444
1.0,controlled,MB-5171,3,0.9191609110163415
1.0,controlled,MB-5171,4,0.9060675985354484
1.0,controlled,MB-5258,1,0.9608049296382704
1.0,controlled,MB-5258,2,0.9561903875063894
1.0,controlled,MB-5258,3,0.9504911190559057
1.0,controlled,MB-5258,4,0.9433457694802361
1.0,controlled,MB-5312,1,0.9652137927304691
1.0,controlled,MB-5312,2,0.9614108389614686
1.0,controlled,MB-5312,3,0.9567372729990822
1.0,controlled,MB-5312,4,0.9508777855402968
1.0,controlled,MB-5331,1,0.9547477096780175
1.0,controlled,MB-5331,2,0.9490911455880379
1.0,controlled,MB-5331,3,0.9421057366590038
1.0,controlled,MB-5331,4,0.9333178294436385
1.0,controlled,MB-5332,1,0.9599731152257908
1.0,controlled,MB-5332,2,0.9552142435817775
1.0,controlled,MB-5332,3,0.9493330921622858
1.0,controlled,MB-5332,4,0.9419551103951948
1.0,controlled,MB-5485,1,0.9644512110586052
1.0,controlled,MB-5485,2,0.960497355077415
1.0,controlled,MB-5485,3,0.9556405522399071
1.0,controlled,MB-5485,4,0.9495446319364187
1.0,controlled,MB-5558,1,0.9569633006793382
1.0,controlled,MB-5558,2,0.9516799794559805
1.0,controlled,MB-5558,3,0.9451587680221636
1.0,controlled,MB-5558,4,0.9369583926524975
1.0,controlled,MB-6100,1,0.9602397595168737
1.0,controlled,MB-6100,2,0.9555270742419054
1.0,controlled,MB-6100,3,0.9497034113698414
1.0,controlled,MB-6100,4,0.9424003351087801
1.0,indeterminate,MB-0113,1,0.967244250373028
1.0,indeterminate,MB-0113,2,0.9638732558611887
1.0,indeterminate,MB-0113,3,0.9597217012754682
1.0,indeterminate,MB-0113,4,0.9545430657991893
1.0,indeterminate,MB-0120,1,0.9702755811332376
1.0,indeterminate,MB-0120,2,0.9679093686693132
1.0,indeterminate,MB-0120,3,0.9649982578160134
1.0,indeterminate,MB-0120,4,0.9613540861482078
1.0,indeterminate,MB-0294,1,0.9627206802697723
1.0,indeterminate,MB-0294,2,0.9584454652263865
1.0,indeterminate,MB-0294,3,0.9531811314175226
1.0,indeterminate,MB-0294,4,0.946577017228776
1.0,indeterminate,MB-0378,1,0.9700090596070942
1.0,indeterminate,MB-0378,2,0.9674614769686184
1.0,indeterminate,MB-0378,3,0.9643252917682074
1.0,indeterminate,MB-0378,4,0.9604000203803768
1.0,indeterminate,MB-0469,1,0.9702332424724708
1.0,indeterminate,MB-0469,2,0.9678269693500942
1.0,indeterminate,MB-0469,3,0.9648663884818228
1.0,indeterminate,MB-0469,4,0.9611605443645621
1.0,indeterminate,MB-0502,1,0.9699199182332756
1.0,indeterminate,MB-0502,2,0.9673283858736192
1.0,indeterminate,MB-0502,3,0.9641381652461221
1.0,indeterminate,MB-0502,4,0.9601452313176597
1.0,indeterminate,MB-2513,1,0.9676757678840312
1.0,indeterminate,MB-2513,2,0.9644053884336167
1.0,indeterminate,MB-2513,3,0.9603770229972478
1.0,indeterminate,MB-2513,4,0.9553542837293809
1.0,indeterminate,MB-2753,1,0.9652462351880693
1.0,indeterminate,MB-2753,2,0.9614498066101003
1.0,indeterminate,MB-2753,3,0.9567841547227959
1.0,indeterminate,MB-2753,4,0.9509349718203404
1.0,indeterminate,MB-2786,1,0.9702491340397211
1.0,indeterminate,MB-2786,2,0.9678568259315743
1.0,indeterminate,MB-2786,3,0.9649135077500677
1.0,indeterminate,MB-2786,4,0.9612291921011783
1.0,indeterminate,MB-2994,1,0.9675020395515821
1.0,indeterminate,MB-2994,2,0.9641906269534661
1.0,indeterminate,MB-2994,3,0.9601113868328407
1.0,indeterminate,MB-2994,4,0.9550257627419128
1.0,indeterminate,MB-3028,1,0.9687095522057221
1.0,indeterminate,MB-3028,2,0.9657037326408636
1.0,indeterminate,MB-3028,3,0.9620029091751967
1.0,indeterminate,MB-3028,4,0.9573839281279545
1.0,indeterminate,MB-3104,1,0.9607833349853346
1.0,indeterminate,MB-3104,2,0.9561650286244084
1.0,indeterminate,MB-3104,3,0.9504609430813277
1.0,indeterminate,MB-3104,4,0.9433095882240348
1.0,indeterminate,MB-3383,1,0.9685727895244185
1.0,indeterminate,MB-3383,2,0.9655293768896135
1.0,indeterminate,MB-3383,3,0.9617820668087221
1.0,indeterminate,MB-3383,4,0.9571059056996815
1.0,indeterminate,MB-3470,1,0.9702472092736774
1.0,indeterminate,MB-3470,2,0.9678531520403618
1.0,indeterminate,MB-3470,3,0.9649076727093341
1.0,indeterminate,MB-3470,4,0.9612206623157852
1.0,indeterminate,MB-3614,1,0.9700594902312992
1.0,indeterminate,MB-3614,2,0.9675384406869654
1.0,indeterminate,MB-3614,3,0.9644353442000257
1.0,indeterminate,MB-3614,4,0.9605514749786925
1.0,indeterminate,MB-3711,1,0.9619889240553682
1.0,indeterminate,MB-3711,2,0.9575827258661593
1.0,indeterminate,MB-3711,3,0.9521503348924923
1.0,indeterminate,MB-3711,4,0.9453373306206866
1.0,indeterminate,MB-4127,1,0.9703399055638692
1.0,indeterminate,MB-4127,2,0.9681139421822715
1.0,indeterminate,MB-4127,3,0.9653746409415973
1.0,indeterminate,MB-4127,4,0.961944085196211
1.0,indeterminate,MB-4276,1,0.9691550062184963
1.0,indeterminate,MB-4276,2,0.9662800909464064
1.0,indeterminate,MB-4276,3,0.9627409671486615
1.0,indeterminate,MB-4276,4,0.9583205377475257
1.0,indeterminate,MB-4350,1,0.966868597859152
1.0,indeterminate,MB-4350,2,0.9634131942716099
1.0,indeterminate,MB-4350,3,0.9591599577015963
1.0,indeterminate,MB-4350,4,0.9538485171469269
1.0,indeterminate,MB-4686,1,0.9695073008872775
1.0,indeterminate,MB-4686,2,0.9667493279539259
1.0,indeterminate,MB-4686,3,0.9633543970197102
1.0,indeterminate,MB-4686,4,0.9591105489399121
1.0,indeterminate,MB-4750,1,0.9694338900748422
1.0,indeterminate,MB-4750,2,0.9666502028204517
1.0,indeterminate,MB-4750,3,0.9632235888139836
1.0,indeterminate,MB-4750,4,0.9589409806274214
1.0,indeterminate,MB-4763,1,0.9680012246172486
1.0,indeterminate,MB-4763,2,0.9648099345001485
1.0,indeterminate,MB-4763,3,0.9608795767112914
1.0,indeterminate,MB-4763,4,0.9559778569260925
1.0,indeterminate,MB-4769,1,0.9694633427791041
1.0,indeterminate,MB-4769,2,0.9666898721236579
1.0,indeterminate,MB-4769,3,0.9632758478216497
1.0,indeterminate,MB-4769,4,0.9590086442017702
1.0,indeterminate,MB-4931,1,0.968721488061266
1.0,indeterminate,MB-4931,2,0.965718998917971
1.0,indeterminate,MB-4931,3,0.9620222927576493
1.0,indeterminate,MB-4931,4,0.9574083740508077
1.0,indeterminate,MB-4952,1,0.969750817888299
1.0,indeterminate,MB-4952,2,0.9670853981807388
1.0,indeterminate,MB-4952,3,0.9638043835236242
1.0,indeterminate,MB-4952,4,0.9596997082815066
1.0,indeterminate,MB-5008,1,0.9703340324137746
1.0,indeterminate,MB-5008,2,0.9680623951779225
1.0,indeterminate,MB-5008,3,0.9652674008408653
1.0,indeterminate,MB-5008,4,0.9617677041810166
1.0,indeterminate,MB-5020,1,0.9697175136372359
1.0,indeterminate,MB-5020,2,0.9670386351066221
1.0,indeterminate,MB-5020,3,0.9637410673524653
1.0,indeterminate,MB-5020,4,0.959616187538796
1.0,indeterminate,MB-5058,1,0.9702012449131651
1.0,indeterminate,MB-5058,2,0.9677695215038563
1.0,indeterminate,MB-5058,3,0.9647774344230456
1.0,indeterminate,MB-5058,4,0.9610322779688194
1.0,indeterminate,MB-5062,1,0.9702820244310238
1.0,indeterminate,MB-5062,2,0.967922905098864
1.0,indeterminate,MB-5062,3,0.9650205368402812
1.0,indeterminate,MB-5062,4,0.9613872570679369
1.0,indeterminate,MB-5124,1,0.9699470003562503
1.0,indeterminate,MB-5124,2,0.9673683914383783
1.0,indeterminate,MB-5124,3,0.9641940366838371
1.0,indeterminate,MB-5124,4,0.9602209761716648
1.0,indeterminate,MB-5135,1,0.9651499999513883
1.0,indeterminate,MB-5135,2,0.9613342424737681
1.0,indeterminate,MB-5135,3,0.9566451452296356
1.0,indeterminate,MB-5135,4,0.9507654367752006
1.0,indeterminate,MB-5144,1,0.9657923902894887
1.0,indeterminate,MB-5144,2,0.9621073091369431
1.0,indeterminate,MB-5144,3,0.9575765789220825
1.0,indeterminate,MB-5144,4,0.9519031553222205
1.0,indeterminate,MB-5171,1,0.9609190796065294
1.0,indeterminate,MB-5171,2,0.9563244549996349
1.0,indeterminate,MB-5171,3,0.9506506777385765
1.0,indeterminate,MB-5171,4,0.9435371033567329
1.0,indeterminate,MB-5258,1,0.9697686914143429
1.0,indeterminate,MB-5258,2,0.9671106224705166
1.0,indeterminate,MB-5258,3,0.9638386467182939
1.0,indeterminate,MB-5258,4,0.9597450016056113
1.0,indeterminate,MB-5312,1,0.9703371440953277
1.0,indeterminate,MB-5312,2,0.9681335784480024
1.0,indeterminate,MB-5312,3,0.9654214864381329
1.0,indeterminate,MB-5312,4,0.9620246708079534
1.0,indeterminate,MB-5331,1,0.9679249470934814
1.0,indeterminate,MB-5331,2,0.9647148371552394
1.0,indeterminate,MB-5331,3,0.9607611641443872
1.0,indeterminate,MB-5331,4,0.9558306700819478
1.0,indeterminate,MB-5332,1,0.9695647533085474
1.0,indeterminate,MB-5332,2,0.9668275235979175
1.0,indeterminate,MB-5332,3,0.9634581405335004
1.0,indeterminate,MB-5332,4,0.9592455304153988
1.0,indeterminate,MB-5485,1,0.970327796623937
1.0,indeterminate,MB-5485,2,0.96803861770384
1.0,indeterminate,MB-5485,3,0.9652221637032172
1.0,indeterminate,MB-5485,4,0.9616957980709465
1.0,indeterminate,MB-5558,1,0.9686798157016006
1.0,indeterminate,MB-5558,2,0.9656657346068385
1.0,indeterminate,MB-5558,3,0.9619546969294382
1.0,indeterminate,MB-5558,4,0.9573231557574948
1.0,indeterminate,MB-6100,1,0.9696324025088631
1.0,indeterminate,MB-6100,2,0.9669203887642618
1.0,indeterminate,MB-6100,3,0.9635820495937664
1.0,indeterminate,MB-6100,4,0.9594073775379321
1.0,progressing,MB-0113,1,0.968440955547462
1.0,progressing,MB-0113,2,0.9668456667139887
1.0,progressing,MB-0113,3,0.9648578415862834
1.0,progressing,MB-0113,4,0.962346664324862
1.0,progressing,MB-0120,1,0.9601811000409354
1.0,progressing,MB-0120,2,0.959273393814687
1.0,progressing,MB-0120,3,0.9580927127606136
1.0,progressing,MB-0120,4,0.9565383831271881
1.0,progressing,MB-0294,1,0.9702369763818266
1.0,progressing,MB-0294,2,0.9681679168896387
1.0,progressing,MB-0294,3,0.9656176235721101
1.0,progressing,MB-0294,4,0.9624208605371042
1.0,progressing,MB-0378,1,0.962608557232874
1.0,progressing,MB-0378,2,0.9615471706040254
1.0,progressing,MB-0378,3,0.9601828049763387
1.0,progressing,MB-0378,4,0.9584350139379665
1.0,progressing,MB-0469,1,0.9607666720475307
1.0,progressing,MB-0469,2,0.9598177499607187
1.0,progressing,MB-0469,3,0.9586006536041459
1.0,progressing,MB-0469,4,0.9570033210149773
1.0,progressing,MB-0502,1,0.9631080494116161
1.0,progressing,MB-0502,2,0.9620141349393672
1.0,progressing,MB-0502,3,0.9606119321380461
1.0,progressing,MB-0502,4,0.9588137131320971
1.0,progressing,MB-2513,1,0.9680282283751831
1.0,progressing,MB-2513,2,0.9664909257609756
1.0,progressing,MB-2513,3,0.9645713804303335
1.0,progressing,MB-2513,4,0.9621421992254163
1.0,progressing,MB-2753,1,0.969634877500774
1.0,progressing,MB-2753,2,0.967809578993872
1.0,progressing,MB-2753,3,0.9655488734422797
1.0,progressing,MB-2753,4,0.9627072312633794
1.0,progressing,MB-2786,1,0.960565896438384
1.0,progressing,MB-2786,2,0.9596312274993644
1.0,progressing,MB-2786,3,0.9584267801709576
1.0,progressing,MB-2786,4,0.9568443817245791
1.0,progressing,MB-2994,1,0.9682037432148687
1.0,progressing,MB-2994,2,0.9666425989130965
1.0,progressing,MB-2994,3,0.9646950035176263
1.0,progressing,MB-2994,4,0.9622321712436956
1.0,progressing,MB-3028,1,0.9666204452313464
1.0,progressing,MB-3028,2,0.9652440545945659
1.0,progressing,MB-3028,3,0.9635130294291687
1.0,progressing,MB-3028,4,0.9613088313113455
1.0,progressing,MB-3104,1,0.9703399478367819
1.0,progressing,MB-3104,2,0.9681046961154501
1.0,progressing,MB-3104,3,0.9653540910936201
1.0,progressing,MB-3104,4,0.9619095107005935
1.0,progressing,MB-3383,1,0.9668529474690208
1.0,progressing,MB-3383,2,0.9654528690925336
1.0,progressing,MB-3383,3,0.9636941707757599
1.0,progressing,MB-3383,4,0.9614570704084715
1.0,progressing,MB-3470,1,0.9605912384517786
1.0,progressing,MB-3470,2,0.9596547775929994
1.0,progressing,MB-3470,3,0.9584487432843519
1.0,progressing,MB-3470,4,0.9568644709941648
1.0,progressing,MB-3614,1,0.9622878590460564
1.0,progressing,MB-3614,2,0.961246652971914
1.0,progressing,MB-3614,3,0.9599072429951631
1.0,progressing,MB-3614,4,0.9581895135156251
1.0,progressing,MB-3711,1,0.9703034851469453
1.0,progressing,MB-3711,2,0.9681698437657262
1.0,progressing,MB-3711,3,0.9655422264890928
1.0,progressing,MB-3711,4,0.9622499872400042
1.0,progressing,MB-4127,1,0.9579239759645299
1.0,progressing,MB-4127,2,0.957130218047858
1.0,progressing,MB-4127,3,0.9560798745792005
1.0,progressing,MB-4127,4,0.9546798165225994
1.0,progressing,MB-4276,1,0.9657122033099933
1.0,progressing,MB-4276,2,0.9644206682256606
1.0,progressing,MB-4276,3,0.962788598234924
1.0,progressing,MB-4276,4,0.9607017424945222
1.0,progressing,MB-4350,1,0.9687437256924694
1.0,progressing,MB-4350,2,0.9671009705529332
1.0,progressing,MB-4350,3,0.9650571025850735
1.0,progressing,MB-4350,4,0.96247841519245
1.0,progressing,MB-4686,1,0.9647546032826898
1.0,progressing,MB-4686,2,0.9635422078791277
1.0,progressing,MB-4686,3,0.9620022416160205
1.0,progressing,MB-4686,4,0.9600242227229344
1.0,progressing,MB-4750,1,0.9649781455673033
1.0,progressing,MB-4750,2,0.9637480656916202
1.0,progressing,MB-4750,3,0.9621875289366878
1.0,progressing,MB-4750,4,0.9601852299423856
1.0,progressing,MB-4763,1,0.9676599065828819
1.0,progressing,MB-4763,2,0.9661693545770064
1.0,progressing,MB-4763,3,0.9643047184499325
1.0,progressing,MB-4763,4,0.9619412757570299
1.0,progressing,MB-4769,1,0.9648902434150419
1.0,progressing,MB-4769,2,0.9636671703709944
1.0,progressing,MB-4769,3,0.962114784516112
1.0,progressing,MB-4769,4,0.9601221080672051
1.0,progressing,MB-4931,1,0.9665992701425624
1.0,progressing,MB-4931,2,0.9652249922064381
1.0,progressing,MB-4931,3,0.9634964340457491
1.0,progressing,MB-4931,4,0.9612951671609065
1.0,progressing,MB-4952,1,0.9638838486570285
1.0,progressing,MB-4952,2,0.9627364679872373
1.0,progressing,MB-4952,3,0.9612720983418195
1.0,progressing,MB-4952,4,0.95939195691429
1.0,progressing,MB-5008,1,0.9587005807834295
1.0,progressing,MB-5008,2,0.9578704696347232
1.0,progressing,MB-5008,3,0.9567772399728336
1.0,progressing,MB-5008,4,0.9553263406088962
1.0,progressing,MB-5020,1,0.9640171960709445
1.0,progressing,MB-5020,2,0.9628602268130226
1.0,progressing,MB-5020,3,0.9613847093325336
1.0,progressing,MB-5020,4,0.9594899922255313
1.0,progressing,MB-5058,1,0.9611235438702043
1.0,progressing,MB-5058,2,0.9601514859559643
1.0,progressing,MB-5058,3,0.9589089396431663
1.0,progressing,MB-5058,4,0.957284548181294
1.0,progressing,MB-5062,1,0.9600743076007837
1.0,progressing,MB-5062,2,0.9591740043744249
1.0,progressing,MB-5062,3,0.9579998118977444
1.0,progressing,MB-5062,4,0.9564531478627765
1.0,progressing,MB-5124,1,0.962964425347414
1.0,progressing,MB-5124,2,0.9618800066766009
1.0,progressing,MB-5124,3,0.9604888477935888
1.0,progressing,MB-5124,4,0.9587053015109983
1.0,progressing,MB-5135,1,0.9696718682517631
1.0,progressing,MB-5135,2,0.9678366042124836
1.0,progressing,MB-5135,3,0.9655640008815463
1.0,progressing,MB-5135,4,0.9627078528810517
1.0,progressing,MB-5144,1,0.9693958913744217
1.0,progressing,MB-5144,2,0.9676287345276716
1.0,progressing,MB-5144,3,0.9654373208011124
1.0,progressing,MB-5144,4,0.9626800029619967
1.0,progressing,MB-5171,1,0.9703398180868172
1.0,progressing,MB-5171,2,0.9681157496795606
1.0,progressing,MB-5171,3,0.965378753167325
1.0,progressing,MB-5171,4,0.9619510563598138
1.0,progressing,MB-5258,1,0.9638100110246693
1.0,progressing,MB-5258,2,0.9626678868214742
1.0,progressing,MB-5258,3,0.9612096284196008
1.0,progressing,MB-5258,4,0.9593374917028838
1.0,progressing,MB-5312,1,0.9575274180609115
1.0,progressing,MB-5312,2,0.9567515565232102
1.0,progressing,MB-5312,3,0.955722373796585
1.0,progressing,MB-5312,4,0.9543474392810688
1.0,progressing,MB-5331,1,0.9677512829297811
1.0,progressing,MB-5331,2,0.9662495080786659
1.0,progressing,MB-5331,3,0.9643717015904836
1.0,progressing,MB-5331,4,0.9619925071881312
1.0,progressing,MB-5332,1,0.9645686282984074
1.0,progressing,MB-5332,2,0.9633706174394127
1.0,progressing,MB-5332,3,0.9618473799736236
1.0,progressing,MB-5332,4,0.9598906364429001
1.0,progressing,MB-5485,1,0.9589876725307164
1.0,progressing,MB-5485,2,0.9581436616668175
1.0,progressing,MB-5485,3,0.9570340660418337
1.0,progressing,MB-5485,4,0.9555637884456765
1.0,progressing,MB-5558,1,0.9666725620518423
1.0,progressing,MB-5558,2,0.9652909406319348
1.0,progressing,MB-5558,3,0.9635538066734011
1.0,progressing,MB-5558,4,0.9613423488901379
1.0,progressing,MB-6100,1,0.9643355512950506
1.0,progressing,MB-6100,2,0.9631551710516738
1.0,progressing,MB-6100,3,0.9616524344720342
1.0,progressing,MB-6100,4,0.959722266773937
